subject,broad_cell_type,timepoint_merged,day_merged_numeric,n_cells,pattern,mean_pattern_score
Subject2,B_cell,D0,0.0,25,Pattern1,0.07714532093072198
Subject2,B_cell,D0,0.0,25,Pattern2,0.026569601213673185
Subject2,B_cell,D0,0.0,25,Pattern3,0.024548875818282426
Subject2,B_cell,D0,0.0,25,Pattern4,0.15064535578698277
Subject2,B_cell,D0,0.0,25,Pattern5,0.13349956398657017
Subject2,B_cell,D0,0.0,25,Pattern6,0.004986814464782005
Subject2,B_cell,D0,0.0,25,Pattern7,0.03225029553703734
Subject2,B_cell,D0,0.0,25,Pattern8,0.0005868448770706903
Subject2,B_cell,D0,0.0,25,Pattern9,0.0002350158928929452
Subject2,B_cell,D0,0.0,25,Pattern10,0.7774316823482513
Subject2,B_cell,D10,10.0,19,Pattern1,0.05785021927400327
Subject2,B_cell,D10,10.0,19,Pattern2,0.015283069807824892
Subject2,B_cell,D10,10.0,19,Pattern3,0.12845653001415103
Subject2,B_cell,D10,10.0,19,Pattern4,0.15070663177022264
Subject2,B_cell,D10,10.0,19,Pattern5,0.05700292639299305
Subject2,B_cell,D10,10.0,19,Pattern6,0.009481510192047491
Subject2,B_cell,D10,10.0,19,Pattern7,0.05704914270186452
Subject2,B_cell,D10,10.0,19,Pattern8,0.0011667716651940815
Subject2,B_cell,D10,10.0,19,Pattern9,0.001365685656834018
Subject2,B_cell,D10,10.0,19,Pattern10,0.6543706247681067
Subject2,B_cell,D14/15,14.5,8,Pattern1,0.0617173491422704
Subject2,B_cell,D14/15,14.5,8,Pattern2,0.00277786750984884
Subject2,B_cell,D14/15,14.5,8,Pattern3,0.08266284133060262
Subject2,B_cell,D14/15,14.5,8,Pattern4,0.15677937865257263
Subject2,B_cell,D14/15,14.5,8,Pattern5,0.06830641894293871
Subject2,B_cell,D14/15,14.5,8,Pattern6,0.005118663975565591
Subject2,B_cell,D14/15,14.5,8,Pattern7,0.10509118623099313
Subject2,B_cell,D14/15,14.5,8,Pattern8,0.0002997691542105775
Subject2,B_cell,D14/15,14.5,8,Pattern9,0.00011726638927454132
Subject2,B_cell,D14/15,14.5,8,Pattern10,0.7401413656771184
Subject2,B_cell,D2,2.0,15,Pattern1,0.08275898524649765
Subject2,B_cell,D2,2.0,15,Pattern2,0.03713758281483023
Subject2,B_cell,D2,2.0,15,Pattern3,0.024901043860272233
Subject2,B_cell,D2,2.0,15,Pattern4,0.1411705167226804
Subject2,B_cell,D2,2.0,15,Pattern5,0.13900085287065547
Subject2,B_cell,D2,2.0,15,Pattern6,3.7864791769000826e-06
Subject2,B_cell,D2,2.0,15,Pattern7,0.028518216061487064
Subject2,B_cell,D2,2.0,15,Pattern8,1.0218318311669508e-05
Subject2,B_cell,D2,2.0,15,Pattern9,0.0002471089171473259
Subject2,B_cell,D2,2.0,15,Pattern10,0.7717830181121826
Subject2,B_cell,D28,28.0,9,Pattern1,0.0799343526584582
Subject2,B_cell,D28,28.0,9,Pattern2,0.011897528028981693
Subject2,B_cell,D28,28.0,9,Pattern3,0.0336981711806312
Subject2,B_cell,D28,28.0,9,Pattern4,0.13933227899380843
Subject2,B_cell,D28,28.0,9,Pattern5,0.07608209476812691
Subject2,B_cell,D28,28.0,9,Pattern6,0.013833921300147259
Subject2,B_cell,D28,28.0,9,Pattern7,0.06605071144829497
Subject2,B_cell,D28,28.0,9,Pattern8,0.006546733796312773
Subject2,B_cell,D28,28.0,9,Pattern9,0.0037773882211240323
Subject2,B_cell,D28,28.0,9,Pattern10,0.708291404777103
Subject2,B_cell,D4,4.0,22,Pattern1,0.0702949696521115
Subject2,B_cell,D4,4.0,22,Pattern2,0.033656485894136334
Subject2,B_cell,D4,4.0,22,Pattern3,0.008371771061820143
Subject2,B_cell,D4,4.0,22,Pattern4,0.15543289262462748
Subject2,B_cell,D4,4.0,22,Pattern5,0.15406081458414433
Subject2,B_cell,D4,4.0,22,Pattern6,0.010664923256588178
Subject2,B_cell,D4,4.0,22,Pattern7,0.04467348767997431
Subject2,B_cell,D4,4.0,22,Pattern8,0.0011923592023182752
Subject2,B_cell,D4,4.0,22,Pattern9,0.0004211028182477918
Subject2,B_cell,D4,4.0,22,Pattern10,0.7088343257253821
Subject2,B_cell,D6,6.0,28,Pattern1,0.08213428786465163
Subject2,B_cell,D6,6.0,28,Pattern2,0.03336952655344506
Subject2,B_cell,D6,6.0,28,Pattern3,0.010220557608600642
Subject2,B_cell,D6,6.0,28,Pattern4,0.14892317302753463
Subject2,B_cell,D6,6.0,28,Pattern5,0.13925260812897025
Subject2,B_cell,D6,6.0,28,Pattern6,0.011789414300080485
Subject2,B_cell,D6,6.0,28,Pattern7,0.03033314616492682
Subject2,B_cell,D6,6.0,28,Pattern8,0.002157716412548484
Subject2,B_cell,D6,6.0,28,Pattern9,0.01560503504582403
Subject2,B_cell,D6,6.0,28,Pattern10,0.6905480234750679
Subject2,B_cell,D8,8.0,22,Pattern1,0.11788999957210228
Subject2,B_cell,D8,8.0,22,Pattern2,0.02815407700701914
Subject2,B_cell,D8,8.0,22,Pattern3,0.012777322583645554
Subject2,B_cell,D8,8.0,22,Pattern4,0.10866199321203976
Subject2,B_cell,D8,8.0,22,Pattern5,0.15557388168245337
Subject2,B_cell,D8,8.0,22,Pattern6,0.01603198007236206
Subject2,B_cell,D8,8.0,22,Pattern7,0.12870811950383335
Subject2,B_cell,D8,8.0,22,Pattern8,0.0019096159099014826
Subject2,B_cell,D8,8.0,22,Pattern9,0.006732347519174603
Subject2,B_cell,D8,8.0,22,Pattern10,0.6138481118462301
Subject2,Monocyte,D0,0.0,21,Pattern1,0.026843791780612178
Subject2,Monocyte,D0,0.0,21,Pattern2,0.7833034864493779
Subject2,Monocyte,D0,0.0,21,Pattern3,0.028324705559648288
Subject2,Monocyte,D0,0.0,21,Pattern4,0.10780315584547467
Subject2,Monocyte,D0,0.0,21,Pattern5,0.24828031968735592
Subject2,Monocyte,D0,0.0,21,Pattern6,0.03159446904963182
Subject2,Monocyte,D0,0.0,21,Pattern7,0.01804261004585462
Subject2,Monocyte,D0,0.0,21,Pattern8,0.0213092462498545
Subject2,Monocyte,D0,0.0,21,Pattern9,0.008101501494766534
Subject2,Monocyte,D0,0.0,21,Pattern10,0.06197081448435081
Subject2,Monocyte,D10,10.0,24,Pattern1,0.029769791583460645
Subject2,Monocyte,D10,10.0,24,Pattern2,0.6182452111709911
Subject2,Monocyte,D10,10.0,24,Pattern3,0.33090777384738135
Subject2,Monocyte,D10,10.0,24,Pattern4,0.12433687231451528
Subject2,Monocyte,D10,10.0,24,Pattern5,0.15895356406629924
Subject2,Monocyte,D10,10.0,24,Pattern6,0.021873651516713725
Subject2,Monocyte,D10,10.0,24,Pattern7,0.001971543797040441
Subject2,Monocyte,D10,10.0,24,Pattern8,0.10463124342883628
Subject2,Monocyte,D10,10.0,24,Pattern9,0.021382813598613354
Subject2,Monocyte,D10,10.0,24,Pattern10,0.0831555641269309
Subject2,Monocyte,D14/15,14.5,9,Pattern1,0.004813188776324744
Subject2,Monocyte,D14/15,14.5,9,Pattern2,0.5916806062062582
Subject2,Monocyte,D14/15,14.5,9,Pattern3,0.25380437738365585
Subject2,Monocyte,D14/15,14.5,9,Pattern4,0.17302987972895303
Subject2,Monocyte,D14/15,14.5,9,Pattern5,0.1350073849316686
Subject2,Monocyte,D14/15,14.5,9,Pattern6,0.016549622909021997
Subject2,Monocyte,D14/15,14.5,9,Pattern7,0.0257884664966797
Subject2,Monocyte,D14/15,14.5,9,Pattern8,0.1873001572158601
Subject2,Monocyte,D14/15,14.5,9,Pattern9,0.002856445363702188
Subject2,Monocyte,D14/15,14.5,9,Pattern10,0.04634661113798044
Subject2,Monocyte,D2,2.0,14,Pattern1,0.03064853007572104
Subject2,Monocyte,D2,2.0,14,Pattern2,0.7145671589033943
Subject2,Monocyte,D2,2.0,14,Pattern3,0.03700672957737528
Subject2,Monocyte,D2,2.0,14,Pattern4,0.13266568484583083
Subject2,Monocyte,D2,2.0,14,Pattern5,0.21858566295278645
Subject2,Monocyte,D2,2.0,14,Pattern6,0.032369338808377626
Subject2,Monocyte,D2,2.0,14,Pattern7,0.07504312832614746
Subject2,Monocyte,D2,2.0,14,Pattern8,0.05269265757903798
Subject2,Monocyte,D2,2.0,14,Pattern9,0.020759162708470412
Subject2,Monocyte,D2,2.0,14,Pattern10,0.05248384384361775
Subject2,Monocyte,D28,28.0,31,Pattern1,0.20219595699135456
Subject2,Monocyte,D28,28.0,31,Pattern2,0.47276232319493444
Subject2,Monocyte,D28,28.0,31,Pattern3,0.12144767315302737
Subject2,Monocyte,D28,28.0,31,Pattern4,0.04321625151784505
Subject2,Monocyte,D28,28.0,31,Pattern5,0.16968311952258514
Subject2,Monocyte,D28,28.0,31,Pattern6,0.002153160301696006
Subject2,Monocyte,D28,28.0,31,Pattern7,0.037256580022284075
Subject2,Monocyte,D28,28.0,31,Pattern8,0.26985619385396276
Subject2,Monocyte,D28,28.0,31,Pattern9,0.003617137126516845
Subject2,Monocyte,D28,28.0,31,Pattern10,0.07439039599905901
Subject2,Monocyte,D4,4.0,14,Pattern1,0.023479472896618912
Subject2,Monocyte,D4,4.0,14,Pattern2,0.6983353516885213
Subject2,Monocyte,D4,4.0,14,Pattern3,0.029991750766332776
Subject2,Monocyte,D4,4.0,14,Pattern4,0.11666187768735532
Subject2,Monocyte,D4,4.0,14,Pattern5,0.21109754418349835
Subject2,Monocyte,D4,4.0,14,Pattern6,0.03086229797840392
Subject2,Monocyte,D4,4.0,14,Pattern7,0.035625881731480784
Subject2,Monocyte,D4,4.0,14,Pattern8,0.08164638331152625
Subject2,Monocyte,D4,4.0,14,Pattern9,0.014652437616066175
Subject2,Monocyte,D4,4.0,14,Pattern10,0.06523465830416944
Subject2,Monocyte,D6,6.0,16,Pattern1,0.07577857293958336
Subject2,Monocyte,D6,6.0,16,Pattern2,0.6746734641492368
Subject2,Monocyte,D6,6.0,16,Pattern3,0.04344261534235682
Subject2,Monocyte,D6,6.0,16,Pattern4,0.11101168696768579
Subject2,Monocyte,D6,6.0,16,Pattern5,0.15603098659642
Subject2,Monocyte,D6,6.0,16,Pattern6,0.02265012100360761
Subject2,Monocyte,D6,6.0,16,Pattern7,0.023830685767478595
Subject2,Monocyte,D6,6.0,16,Pattern8,0.034771684841160735
Subject2,Monocyte,D6,6.0,16,Pattern9,0.024898508947842398
Subject2,Monocyte,D6,6.0,16,Pattern10,0.07686492387590246
Subject2,Monocyte,D8,8.0,21,Pattern1,0.03864861347275502
Subject2,Monocyte,D8,8.0,21,Pattern2,0.6443288581711906
Subject2,Monocyte,D8,8.0,21,Pattern3,0.06042141030703673
Subject2,Monocyte,D8,8.0,21,Pattern4,0.11208790325309521
Subject2,Monocyte,D8,8.0,21,Pattern5,0.09980810077202235
Subject2,Monocyte,D8,8.0,21,Pattern6,0.04200531161978508
Subject2,Monocyte,D8,8.0,21,Pattern7,0.04687157129670335
Subject2,Monocyte,D8,8.0,21,Pattern8,0.02810197171943618
Subject2,Monocyte,D8,8.0,21,Pattern9,0.014056329750402354
Subject2,Monocyte,D8,8.0,21,Pattern10,0.08036595170223053
Subject2,NK_cell,D0,0.0,10,Pattern1,0.14768069274723522
Subject2,NK_cell,D0,0.0,10,Pattern2,0.020677509199595063
Subject2,NK_cell,D0,0.0,10,Pattern3,0.053045929502695786
Subject2,NK_cell,D0,0.0,10,Pattern4,0.42528811395168287
Subject2,NK_cell,D0,0.0,10,Pattern5,0.06946684551876384
Subject2,NK_cell,D0,0.0,10,Pattern6,1.158589629994821e-05
Subject2,NK_cell,D0,0.0,10,Pattern7,0.06751590989708804
Subject2,NK_cell,D0,0.0,10,Pattern8,9.006400046018825e-06
Subject2,NK_cell,D0,0.0,10,Pattern9,0.4307282105088236
Subject2,NK_cell,D0,0.0,10,Pattern10,0.016353981002066566
Subject2,NK_cell,D10,10.0,3,Pattern1,0.15581466462511645
Subject2,NK_cell,D10,10.0,3,Pattern2,0.00014066356137239
Subject2,NK_cell,D10,10.0,3,Pattern3,0.23846793671449032
Subject2,NK_cell,D10,10.0,3,Pattern4,0.272814095020294
Subject2,NK_cell,D10,10.0,3,Pattern5,0.15184344847997044
Subject2,NK_cell,D10,10.0,3,Pattern6,0.0
Subject2,NK_cell,D10,10.0,3,Pattern7,0.18358062456051527
Subject2,NK_cell,D10,10.0,3,Pattern8,2.54088566483309e-06
Subject2,NK_cell,D10,10.0,3,Pattern9,0.3957609434922537
Subject2,NK_cell,D10,10.0,3,Pattern10,0.0003163790873562
Subject2,NK_cell,D14/15,14.5,28,Pattern1,0.11029738271556813
Subject2,NK_cell,D14/15,14.5,28,Pattern2,0.019153350399262435
Subject2,NK_cell,D14/15,14.5,28,Pattern3,0.2663356965141638
Subject2,NK_cell,D14/15,14.5,28,Pattern4,0.39917148303772715
Subject2,NK_cell,D14/15,14.5,28,Pattern5,0.39083227249128477
Subject2,NK_cell,D14/15,14.5,28,Pattern6,0.006124603551459778
Subject2,NK_cell,D14/15,14.5,28,Pattern7,0.031169432943901895
Subject2,NK_cell,D14/15,14.5,28,Pattern8,0.00560912082492848
Subject2,NK_cell,D14/15,14.5,28,Pattern9,0.5936689121382577
Subject2,NK_cell,D14/15,14.5,28,Pattern10,0.01037451090675033
Subject2,NK_cell,D2,2.0,10,Pattern1,0.18996271886280752
Subject2,NK_cell,D2,2.0,10,Pattern2,0.02793414342813775
Subject2,NK_cell,D2,2.0,10,Pattern3,0.035175634437450726
Subject2,NK_cell,D2,2.0,10,Pattern4,0.4097296088933944
Subject2,NK_cell,D2,2.0,10,Pattern5,0.07347795041423524
Subject2,NK_cell,D2,2.0,10,Pattern6,0.0016342260366286599
Subject2,NK_cell,D2,2.0,10,Pattern7,0.07070809092547284
Subject2,NK_cell,D2,2.0,10,Pattern8,0.0008084259930853823
Subject2,NK_cell,D2,2.0,10,Pattern9,0.4291780516505243
Subject2,NK_cell,D2,2.0,10,Pattern10,0.0124573867113213
Subject2,NK_cell,D28,28.0,12,Pattern1,0.027177743467421533
Subject2,NK_cell,D28,28.0,12,Pattern2,0.0026854074726543145
Subject2,NK_cell,D28,28.0,12,Pattern3,0.075545351797094
Subject2,NK_cell,D28,28.0,12,Pattern4,0.4623332401468781
Subject2,NK_cell,D28,28.0,12,Pattern5,0.0741290664326092
Subject2,NK_cell,D28,28.0,12,Pattern6,0.01734435820121877
Subject2,NK_cell,D28,28.0,12,Pattern7,0.05225997228535568
Subject2,NK_cell,D28,28.0,12,Pattern8,0.010014288730114148
Subject2,NK_cell,D28,28.0,12,Pattern9,0.5143456434210142
Subject2,NK_cell,D28,28.0,12,Pattern10,0.005539829114866262
Subject2,NK_cell,D4,4.0,8,Pattern1,0.14773813867941502
Subject2,NK_cell,D4,4.0,8,Pattern2,0.015672464114686584
Subject2,NK_cell,D4,4.0,8,Pattern3,0.010873533309677417
Subject2,NK_cell,D4,4.0,8,Pattern4,0.46224168688058875
Subject2,NK_cell,D4,4.0,8,Pattern5,0.01473167556267183
Subject2,NK_cell,D4,4.0,8,Pattern6,8.825661810263348e-06
Subject2,NK_cell,D4,4.0,8,Pattern7,0.02246216427033679
Subject2,NK_cell,D4,4.0,8,Pattern8,9.360511967315693e-06
Subject2,NK_cell,D4,4.0,8,Pattern9,0.4450841583311559
Subject2,NK_cell,D4,4.0,8,Pattern10,0.0004670556023711378
Subject2,NK_cell,D6,6.0,8,Pattern1,0.1782604225154498
Subject2,NK_cell,D6,6.0,8,Pattern2,0.014616177111747657
Subject2,NK_cell,D6,6.0,8,Pattern3,0.023049932130106723
Subject2,NK_cell,D6,6.0,8,Pattern4,0.40220071375370026
Subject2,NK_cell,D6,6.0,8,Pattern5,0.050976520659105566
Subject2,NK_cell,D6,6.0,8,Pattern6,0.005395103484545417
Subject2,NK_cell,D6,6.0,8,Pattern7,0.06397678128769257
Subject2,NK_cell,D6,6.0,8,Pattern8,0.00012778397008616523
Subject2,NK_cell,D6,6.0,8,Pattern9,0.4288978576660156
Subject2,NK_cell,D6,6.0,8,Pattern10,0.009275721078665818
Subject2,NK_cell,D8,8.0,3,Pattern1,0.06812960670841062
Subject2,NK_cell,D8,8.0,3,Pattern2,0.013877319871729294
Subject2,NK_cell,D8,8.0,3,Pattern3,0.019784152977081228
Subject2,NK_cell,D8,8.0,3,Pattern4,0.32546536624431593
Subject2,NK_cell,D8,8.0,3,Pattern5,0.21943755470764859
Subject2,NK_cell,D8,8.0,3,Pattern6,1.5158323852422965e-06
Subject2,NK_cell,D8,8.0,3,Pattern7,0.08679852634668343
Subject2,NK_cell,D8,8.0,3,Pattern8,0.0005117792170494667
Subject2,NK_cell,D8,8.0,3,Pattern9,0.56573752562205
Subject2,NK_cell,D8,8.0,3,Pattern10,0.012493833860692867
Subject2,Neutrophil,D0,0.0,2,Pattern1,0.02109213604126125
Subject2,Neutrophil,D0,0.0,2,Pattern2,0.0011578339390325657
Subject2,Neutrophil,D0,0.0,2,Pattern3,1.80662664206466e-05
Subject2,Neutrophil,D0,0.0,2,Pattern4,0.00057187431957565
Subject2,Neutrophil,D0,0.0,2,Pattern5,0.03550280816853045
Subject2,Neutrophil,D0,0.0,2,Pattern6,0.00019081576283494522
Subject2,Neutrophil,D0,0.0,2,Pattern7,0.02375393453985455
Subject2,Neutrophil,D0,0.0,2,Pattern8,0.0135074784047901
Subject2,Neutrophil,D0,0.0,2,Pattern9,0.00033545107726240487
Subject2,Neutrophil,D0,0.0,2,Pattern10,0.00095940145547495
Subject2,Neutrophil,D10,10.0,13,Pattern1,0.01058692797461769
Subject2,Neutrophil,D10,10.0,13,Pattern2,0.014322749401869173
Subject2,Neutrophil,D10,10.0,13,Pattern3,0.0076405499962985636
Subject2,Neutrophil,D10,10.0,13,Pattern4,0.015271769487681065
Subject2,Neutrophil,D10,10.0,13,Pattern5,0.024723788204517823
Subject2,Neutrophil,D10,10.0,13,Pattern6,0.004166692215781357
Subject2,Neutrophil,D10,10.0,13,Pattern7,0.044718511914162755
Subject2,Neutrophil,D10,10.0,13,Pattern8,0.015684808536696855
Subject2,Neutrophil,D10,10.0,13,Pattern9,0.008289749106132534
Subject2,Neutrophil,D10,10.0,13,Pattern10,0.00918673353323983
Subject2,Neutrophil,D2,2.0,3,Pattern1,0.0009958802996455102
Subject2,Neutrophil,D2,2.0,3,Pattern2,0.0103494522142379
Subject2,Neutrophil,D2,2.0,3,Pattern3,0.003787306588928152
Subject2,Neutrophil,D2,2.0,3,Pattern4,0.006817820947617233
Subject2,Neutrophil,D2,2.0,3,Pattern5,0.05386630197366077
Subject2,Neutrophil,D2,2.0,3,Pattern6,0.003220765305741221
Subject2,Neutrophil,D2,2.0,3,Pattern7,0.029568302134672802
Subject2,Neutrophil,D2,2.0,3,Pattern8,0.007319258564772666
Subject2,Neutrophil,D2,2.0,3,Pattern9,0.0007299713027653231
Subject2,Neutrophil,D2,2.0,3,Pattern10,0.0027156657306477
Subject2,Neutrophil,D28,28.0,3,Pattern1,0.009423152965609877
Subject2,Neutrophil,D28,28.0,3,Pattern2,0.005223664291406735
Subject2,Neutrophil,D28,28.0,3,Pattern3,0.0096309188205244
Subject2,Neutrophil,D28,28.0,3,Pattern4,0.0003020833901245667
Subject2,Neutrophil,D28,28.0,3,Pattern5,0.035336218929539136
Subject2,Neutrophil,D28,28.0,3,Pattern6,0.0001430492520739701
Subject2,Neutrophil,D28,28.0,3,Pattern7,0.027430866534511236
Subject2,Neutrophil,D28,28.0,3,Pattern8,0.004538849888679859
Subject2,Neutrophil,D28,28.0,3,Pattern9,0.00028389809691966797
Subject2,Neutrophil,D28,28.0,3,Pattern10,0.008589335221889368
Subject2,Neutrophil,D4,4.0,5,Pattern1,0.0198586689890362
Subject2,Neutrophil,D4,4.0,5,Pattern2,0.0017929888948856262
Subject2,Neutrophil,D4,4.0,5,Pattern3,4.772937554661796e-05
Subject2,Neutrophil,D4,4.0,5,Pattern4,0.00751227651198858
Subject2,Neutrophil,D4,4.0,5,Pattern5,0.05490508303046228
Subject2,Neutrophil,D4,4.0,5,Pattern6,0.0004630512967196139
Subject2,Neutrophil,D4,4.0,5,Pattern7,0.045737811177968976
Subject2,Neutrophil,D4,4.0,5,Pattern8,0.01501000830903646
Subject2,Neutrophil,D4,4.0,5,Pattern9,0.008443086956685874
Subject2,Neutrophil,D4,4.0,5,Pattern10,0.00048360851869799553
Subject2,Neutrophil,D6,6.0,4,Pattern1,0.0003909392785316963
Subject2,Neutrophil,D6,6.0,4,Pattern2,0.0018537589608058594
Subject2,Neutrophil,D6,6.0,4,Pattern3,3.1376688497175564e-05
Subject2,Neutrophil,D6,6.0,4,Pattern4,0.019142924664265575
Subject2,Neutrophil,D6,6.0,4,Pattern5,0.05653961002826688
Subject2,Neutrophil,D6,6.0,4,Pattern6,0.00017363046913485377
Subject2,Neutrophil,D6,6.0,4,Pattern7,0.05217540729790925
Subject2,Neutrophil,D6,6.0,4,Pattern8,0.005985779322145376
Subject2,Neutrophil,D6,6.0,4,Pattern9,0.00027689581702358457
Subject2,Neutrophil,D6,6.0,4,Pattern10,0.00042179200136158716
Subject2,Neutrophil,D8,8.0,4,Pattern1,0.010161580671592644
Subject2,Neutrophil,D8,8.0,4,Pattern2,0.0001725041447571128
Subject2,Neutrophil,D8,8.0,4,Pattern3,4.52982691285611e-05
Subject2,Neutrophil,D8,8.0,4,Pattern4,0.02249194879550485
Subject2,Neutrophil,D8,8.0,4,Pattern5,0.05990481050685052
Subject2,Neutrophil,D8,8.0,4,Pattern6,0.0007947014324826938
Subject2,Neutrophil,D8,8.0,4,Pattern7,0.045639648396900157
Subject2,Neutrophil,D8,8.0,4,Pattern8,0.0208030715584755
Subject2,Neutrophil,D8,8.0,4,Pattern9,0.014549355586950686
Subject2,Neutrophil,D8,8.0,4,Pattern10,0.0010458118049427702
Subject2,Plasmablast,D0,0.0,1,Pattern1,0.159777268767357
Subject2,Plasmablast,D0,0.0,1,Pattern2,0.0782889276742935
Subject2,Plasmablast,D0,0.0,1,Pattern3,0.0166213735938072
Subject2,Plasmablast,D0,0.0,1,Pattern4,0.0254022516310215
Subject2,Plasmablast,D0,0.0,1,Pattern5,0.789654076099396
Subject2,Plasmablast,D0,0.0,1,Pattern6,0.0603489801287651
Subject2,Plasmablast,D0,0.0,1,Pattern7,0.0004224387230351
Subject2,Plasmablast,D0,0.0,1,Pattern8,8.7356151198037e-05
Subject2,Plasmablast,D0,0.0,1,Pattern9,0.0288689751178026
Subject2,Plasmablast,D0,0.0,1,Pattern10,0.255145698785782
Subject2,Plasmablast,D10,10.0,4,Pattern1,0.11709990166127678
Subject2,Plasmablast,D10,10.0,4,Pattern2,0.11043936225178158
Subject2,Plasmablast,D10,10.0,4,Pattern3,0.12909791991114591
Subject2,Plasmablast,D10,10.0,4,Pattern4,0.08165694713943596
Subject2,Plasmablast,D10,10.0,4,Pattern5,0.703759118914604
Subject2,Plasmablast,D10,10.0,4,Pattern6,0.02543921954929825
Subject2,Plasmablast,D10,10.0,4,Pattern7,0.002746954196766156
Subject2,Plasmablast,D10,10.0,4,Pattern8,0.004613645703102513
Subject2,Plasmablast,D10,10.0,4,Pattern9,0.02317823904741089
Subject2,Plasmablast,D10,10.0,4,Pattern10,0.41324748471379275
Subject2,Plasmablast,D14/15,14.5,3,Pattern1,0.08503351857264833
Subject2,Plasmablast,D14/15,14.5,3,Pattern2,0.0225011140476757
Subject2,Plasmablast,D14/15,14.5,3,Pattern3,0.0881803917388122
Subject2,Plasmablast,D14/15,14.5,3,Pattern4,0.09027291834354396
Subject2,Plasmablast,D14/15,14.5,3,Pattern5,0.8836144606272377
Subject2,Plasmablast,D14/15,14.5,3,Pattern6,0.05470805366834003
Subject2,Plasmablast,D14/15,14.5,3,Pattern7,0.007998128091761201
Subject2,Plasmablast,D14/15,14.5,3,Pattern8,0.037213417390982335
Subject2,Plasmablast,D14/15,14.5,3,Pattern9,0.014240621176819901
Subject2,Plasmablast,D14/15,14.5,3,Pattern10,0.3278734982013703
Subject2,Plasmablast,D2,2.0,1,Pattern1,0.211147546768188
Subject2,Plasmablast,D2,2.0,1,Pattern2,0.10719171911478
Subject2,Plasmablast,D2,2.0,1,Pattern3,8.32608129712753e-05
Subject2,Plasmablast,D2,2.0,1,Pattern4,3.66074914381898e-06
Subject2,Plasmablast,D2,2.0,1,Pattern5,0.155817598104477
Subject2,Plasmablast,D2,2.0,1,Pattern6,0.0
Subject2,Plasmablast,D2,2.0,1,Pattern7,8.61850930959918e-05
Subject2,Plasmablast,D2,2.0,1,Pattern8,0.0
Subject2,Plasmablast,D2,2.0,1,Pattern9,0.0270092394202948
Subject2,Plasmablast,D2,2.0,1,Pattern10,0.384175777435303
Subject2,Plasmablast,D4,4.0,2,Pattern1,0.13286652829265244
Subject2,Plasmablast,D4,4.0,2,Pattern2,0.09775454923510546
Subject2,Plasmablast,D4,4.0,2,Pattern3,2.018067535303205e-08
Subject2,Plasmablast,D4,4.0,2,Pattern4,0.11867355927824996
Subject2,Plasmablast,D4,4.0,2,Pattern5,0.3883141949772835
Subject2,Plasmablast,D4,4.0,2,Pattern6,2.7344717068444854e-06
Subject2,Plasmablast,D4,4.0,2,Pattern7,0.00016218255950657903
Subject2,Plasmablast,D4,4.0,2,Pattern8,0.0302624301984906
Subject2,Plasmablast,D4,4.0,2,Pattern9,0.0058910498337354
Subject2,Plasmablast,D4,4.0,2,Pattern10,0.42137071490287803
Subject2,Plasmablast,D6,6.0,3,Pattern1,0.19424430529276535
Subject2,Plasmablast,D6,6.0,3,Pattern2,0.05376019577185304
Subject2,Plasmablast,D6,6.0,3,Pattern3,0.018226424812060774
Subject2,Plasmablast,D6,6.0,3,Pattern4,0.08491917635883804
Subject2,Plasmablast,D6,6.0,3,Pattern5,0.6044834852218627
Subject2,Plasmablast,D6,6.0,3,Pattern6,0.029620537560006707
Subject2,Plasmablast,D6,6.0,3,Pattern7,0.009736597650468524
Subject2,Plasmablast,D6,6.0,3,Pattern8,0.018250747786320676
Subject2,Plasmablast,D6,6.0,3,Pattern9,0.1545109717020143
Subject2,Plasmablast,D6,6.0,3,Pattern10,0.3161853204170863
Subject2,Plasmablast,D8,8.0,2,Pattern1,0.12862741202116
Subject2,Plasmablast,D8,8.0,2,Pattern2,0.001844362466727023
Subject2,Plasmablast,D8,8.0,2,Pattern3,0.018205951455456677
Subject2,Plasmablast,D8,8.0,2,Pattern4,6.102882693426201e-06
Subject2,Plasmablast,D8,8.0,2,Pattern5,0.5454181432724
Subject2,Plasmablast,D8,8.0,2,Pattern6,0.043946504078917314
Subject2,Plasmablast,D8,8.0,2,Pattern7,0.00010935198952206845
Subject2,Plasmablast,D8,8.0,2,Pattern8,0.0761305252090097
Subject2,Plasmablast,D8,8.0,2,Pattern9,0.02864988939836625
Subject2,Plasmablast,D8,8.0,2,Pattern10,0.365010716021061
Subject2,T_cell,D0,0.0,141,Pattern1,0.24271477762393806
Subject2,T_cell,D0,0.0,141,Pattern2,0.005680359889793901
Subject2,T_cell,D0,0.0,141,Pattern3,0.039836256316082015
Subject2,T_cell,D0,0.0,141,Pattern4,0.1728973216299452
Subject2,T_cell,D0,0.0,141,Pattern5,0.11174670119750443
Subject2,T_cell,D0,0.0,141,Pattern6,0.030659688447421774
Subject2,T_cell,D0,0.0,141,Pattern7,0.5591618118556678
Subject2,T_cell,D0,0.0,141,Pattern8,0.002171307320254795
Subject2,T_cell,D0,0.0,141,Pattern9,0.04480417805974932
Subject2,T_cell,D0,0.0,141,Pattern10,0.011934637544120516
Subject2,T_cell,D10,10.0,137,Pattern1,0.21393699879888448
Subject2,T_cell,D10,10.0,137,Pattern2,0.0033072095251493383
Subject2,T_cell,D10,10.0,137,Pattern3,0.14822589605706982
Subject2,T_cell,D10,10.0,137,Pattern4,0.12414191386218558
Subject2,T_cell,D10,10.0,137,Pattern5,0.058290360142676585
Subject2,T_cell,D10,10.0,137,Pattern6,0.06191472567467947
Subject2,T_cell,D10,10.0,137,Pattern7,0.45786177458657
Subject2,T_cell,D10,10.0,137,Pattern8,0.0007560315303165731
Subject2,T_cell,D10,10.0,137,Pattern9,0.05611561100833697
Subject2,T_cell,D10,10.0,137,Pattern10,0.013349963572826237
Subject2,T_cell,D14/15,14.5,152,Pattern1,0.1571442713407138
Subject2,T_cell,D14/15,14.5,152,Pattern2,0.002437415036735449
Subject2,T_cell,D14/15,14.5,152,Pattern3,0.09717559323282587
Subject2,T_cell,D14/15,14.5,152,Pattern4,0.13911110771433088
Subject2,T_cell,D14/15,14.5,152,Pattern5,0.16533184007207966
Subject2,T_cell,D14/15,14.5,152,Pattern6,0.062489140230388124
Subject2,T_cell,D14/15,14.5,152,Pattern7,0.6349674796840287
Subject2,T_cell,D14/15,14.5,152,Pattern8,0.0023594171541546144
Subject2,T_cell,D14/15,14.5,152,Pattern9,0.050365620314391416
Subject2,T_cell,D14/15,14.5,152,Pattern10,0.009727567675040535
Subject2,T_cell,D2,2.0,157,Pattern1,0.23890554464167793
Subject2,T_cell,D2,2.0,157,Pattern2,0.008111840536188363
Subject2,T_cell,D2,2.0,157,Pattern3,0.024872676294105688
Subject2,T_cell,D2,2.0,157,Pattern4,0.20912807637772174
Subject2,T_cell,D2,2.0,157,Pattern5,0.12040858761797697
Subject2,T_cell,D2,2.0,157,Pattern6,0.04152346034609352
Subject2,T_cell,D2,2.0,157,Pattern7,0.5719959672959744
Subject2,T_cell,D2,2.0,157,Pattern8,0.0007580947337321581
Subject2,T_cell,D2,2.0,157,Pattern9,0.040527209421001
Subject2,T_cell,D2,2.0,157,Pattern10,0.012477044798578984
Subject2,T_cell,D28,28.0,145,Pattern1,0.23308747179447195
Subject2,T_cell,D28,28.0,145,Pattern2,0.0015274433120206028
Subject2,T_cell,D28,28.0,145,Pattern3,0.03419576587032467
Subject2,T_cell,D28,28.0,145,Pattern4,0.12866104940909714
Subject2,T_cell,D28,28.0,145,Pattern5,0.06699363782972247
Subject2,T_cell,D28,28.0,145,Pattern6,0.06521007828260374
Subject2,T_cell,D28,28.0,145,Pattern7,0.5326748082735415
Subject2,T_cell,D28,28.0,145,Pattern8,0.002022479006505801
Subject2,T_cell,D28,28.0,145,Pattern9,0.031841286733730614
Subject2,T_cell,D28,28.0,145,Pattern10,0.006469045879601963
Subject2,T_cell,D4,4.0,149,Pattern1,0.16104006774011062
Subject2,T_cell,D4,4.0,149,Pattern2,0.006176898565231762
Subject2,T_cell,D4,4.0,149,Pattern3,0.013453185296964055
Subject2,T_cell,D4,4.0,149,Pattern4,0.2052698918405379
Subject2,T_cell,D4,4.0,149,Pattern5,0.04912585773424945
Subject2,T_cell,D4,4.0,149,Pattern6,0.060099102635106275
Subject2,T_cell,D4,4.0,149,Pattern7,0.5210601086846692
Subject2,T_cell,D4,4.0,149,Pattern8,0.001710724985932501
Subject2,T_cell,D4,4.0,149,Pattern9,0.026095702904807186
Subject2,T_cell,D4,4.0,149,Pattern10,0.010782126588697176
Subject2,T_cell,D6,6.0,141,Pattern1,0.2215276566728609
Subject2,T_cell,D6,6.0,141,Pattern2,0.007098483708803147
Subject2,T_cell,D6,6.0,141,Pattern3,0.021043825909929443
Subject2,T_cell,D6,6.0,141,Pattern4,0.17823668088101785
Subject2,T_cell,D6,6.0,141,Pattern5,0.07381056852565948
Subject2,T_cell,D6,6.0,141,Pattern6,0.028682918647722606
Subject2,T_cell,D6,6.0,141,Pattern7,0.5521952788323481
Subject2,T_cell,D6,6.0,141,Pattern8,0.0014988245523600517
Subject2,T_cell,D6,6.0,141,Pattern9,0.04948892944012261
Subject2,T_cell,D6,6.0,141,Pattern10,0.014636370885247881
Subject2,T_cell,D8,8.0,148,Pattern1,0.2316516169616098
Subject2,T_cell,D8,8.0,148,Pattern2,0.0055312943211214965
Subject2,T_cell,D8,8.0,148,Pattern3,0.020916382017998163
Subject2,T_cell,D8,8.0,148,Pattern4,0.1249497633406597
Subject2,T_cell,D8,8.0,148,Pattern5,0.0619295133447929
Subject2,T_cell,D8,8.0,148,Pattern6,0.04006078632774931
Subject2,T_cell,D8,8.0,148,Pattern7,0.5418116471956711
Subject2,T_cell,D8,8.0,148,Pattern8,0.0015550620872506816
Subject2,T_cell,D8,8.0,148,Pattern9,0.04710019084769298
Subject2,T_cell,D8,8.0,148,Pattern10,0.01721937901274583
Subject3,B_cell,D0,0.0,21,Pattern1,0.013390925586150753
Subject3,B_cell,D0,0.0,21,Pattern2,2.9835771444130046e-06
Subject3,B_cell,D0,0.0,21,Pattern3,0.009033139508645637
Subject3,B_cell,D0,0.0,21,Pattern4,0.011803754576571153
Subject3,B_cell,D0,0.0,21,Pattern5,0.16217988714154113
Subject3,B_cell,D0,0.0,21,Pattern6,0.3309261997540792
Subject3,B_cell,D0,0.0,21,Pattern7,0.008633313764107678
Subject3,B_cell,D0,0.0,21,Pattern8,0.032796845159498905
Subject3,B_cell,D0,0.0,21,Pattern9,0.008564802159942988
Subject3,B_cell,D0,0.0,21,Pattern10,0.6184721773579007
Subject3,B_cell,D10,10.0,6,Pattern1,3.783416246960767e-08
Subject3,B_cell,D10,10.0,6,Pattern2,3.1828339312293433e-07
Subject3,B_cell,D10,10.0,6,Pattern3,0.17979654793938007
Subject3,B_cell,D10,10.0,6,Pattern4,0.0037188710243280265
Subject3,B_cell,D10,10.0,6,Pattern5,0.016463834194989126
Subject3,B_cell,D10,10.0,6,Pattern6,0.24311632166306185
Subject3,B_cell,D10,10.0,6,Pattern7,8.61105011532951e-06
Subject3,B_cell,D10,10.0,6,Pattern8,0.01228805972035236
Subject3,B_cell,D10,10.0,6,Pattern9,0.0024409311743246085
Subject3,B_cell,D10,10.0,6,Pattern10,0.6214965780576068
Subject3,B_cell,D14/15,14.5,6,Pattern1,8.5831952674198e-06
Subject3,B_cell,D14/15,14.5,6,Pattern2,1.3516078998539639e-05
Subject3,B_cell,D14/15,14.5,6,Pattern3,0.14881613478064543
Subject3,B_cell,D14/15,14.5,6,Pattern4,0.008613912191651231
Subject3,B_cell,D14/15,14.5,6,Pattern5,0.16935387874643018
Subject3,B_cell,D14/15,14.5,6,Pattern6,0.3097977687915165
Subject3,B_cell,D14/15,14.5,6,Pattern7,0.01049975457522123
Subject3,B_cell,D14/15,14.5,6,Pattern8,0.010110692174445497
Subject3,B_cell,D14/15,14.5,6,Pattern9,0.009750439509465029
Subject3,B_cell,D14/15,14.5,6,Pattern10,0.5907370746135711
Subject3,B_cell,D2,2.0,8,Pattern1,6.971140408040803e-06
Subject3,B_cell,D2,2.0,8,Pattern2,8.91410849135355e-07
Subject3,B_cell,D2,2.0,8,Pattern3,0.010522511566023239
Subject3,B_cell,D2,2.0,8,Pattern4,0.02382766553926529
Subject3,B_cell,D2,2.0,8,Pattern5,0.10479486652184272
Subject3,B_cell,D2,2.0,8,Pattern6,0.26236711069941526
Subject3,B_cell,D2,2.0,8,Pattern7,5.9683465650533734e-05
Subject3,B_cell,D2,2.0,8,Pattern8,0.025743267995949275
Subject3,B_cell,D2,2.0,8,Pattern9,0.06699853029618913
Subject3,B_cell,D2,2.0,8,Pattern10,0.600602298974991
Subject3,B_cell,D28,28.0,16,Pattern1,0.0005101443925923352
Subject3,B_cell,D28,28.0,16,Pattern2,5.15409017864954e-06
Subject3,B_cell,D28,28.0,16,Pattern3,0.012329729553112389
Subject3,B_cell,D28,28.0,16,Pattern4,0.015031571241339208
Subject3,B_cell,D28,28.0,16,Pattern5,0.15657598266987813
Subject3,B_cell,D28,28.0,16,Pattern6,0.306151170283556
Subject3,B_cell,D28,28.0,16,Pattern7,0.004282112424615288
Subject3,B_cell,D28,28.0,16,Pattern8,0.024137286043185217
Subject3,B_cell,D28,28.0,16,Pattern9,0.11694484781210682
Subject3,B_cell,D28,28.0,16,Pattern10,0.5447814259678126
Subject3,B_cell,D4,4.0,16,Pattern1,2.114609647207491e-05
Subject3,B_cell,D4,4.0,16,Pattern2,4.603659792223838e-05
Subject3,B_cell,D4,4.0,16,Pattern3,0.012333918503753082
Subject3,B_cell,D4,4.0,16,Pattern4,0.01175487596293214
Subject3,B_cell,D4,4.0,16,Pattern5,0.19648719438005455
Subject3,B_cell,D4,4.0,16,Pattern6,0.33364078029990196
Subject3,B_cell,D4,4.0,16,Pattern7,0.0026873817998307433
Subject3,B_cell,D4,4.0,16,Pattern8,0.029908342700764465
Subject3,B_cell,D4,4.0,16,Pattern9,0.15289511384381888
Subject3,B_cell,D4,4.0,16,Pattern10,0.5710139386355877
Subject3,B_cell,D6,6.0,16,Pattern1,0.010149170419220248
Subject3,B_cell,D6,6.0,16,Pattern2,0.002091432331667422
Subject3,B_cell,D6,6.0,16,Pattern3,0.013865278137075138
Subject3,B_cell,D6,6.0,16,Pattern4,0.007984614521713382
Subject3,B_cell,D6,6.0,16,Pattern5,0.24030392982649576
Subject3,B_cell,D6,6.0,16,Pattern6,0.3168536089360714
Subject3,B_cell,D6,6.0,16,Pattern7,0.019129810552302996
Subject3,B_cell,D6,6.0,16,Pattern8,0.033382661896666846
Subject3,B_cell,D6,6.0,16,Pattern9,0.05556326245017026
Subject3,B_cell,D6,6.0,16,Pattern10,0.5629569962620735
Subject3,B_cell,D8,8.0,15,Pattern1,0.00015170765768743015
Subject3,B_cell,D8,8.0,15,Pattern2,2.435375677123377e-07
Subject3,B_cell,D8,8.0,15,Pattern3,0.027053872883444314
Subject3,B_cell,D8,8.0,15,Pattern4,0.003163069677001395
Subject3,B_cell,D8,8.0,15,Pattern5,0.16434983758548086
Subject3,B_cell,D8,8.0,15,Pattern6,0.3105296254158019
Subject3,B_cell,D8,8.0,15,Pattern7,0.010282070139442104
Subject3,B_cell,D8,8.0,15,Pattern8,0.03142150329683015
Subject3,B_cell,D8,8.0,15,Pattern9,0.07457891894547022
Subject3,B_cell,D8,8.0,15,Pattern10,0.5662912487983702
Subject3,Monocyte,D0,0.0,40,Pattern1,0.01682490638353894
Subject3,Monocyte,D0,0.0,40,Pattern2,0.03965394871460431
Subject3,Monocyte,D0,0.0,40,Pattern3,0.05530548913332591
Subject3,Monocyte,D0,0.0,40,Pattern4,0.06865958310418818
Subject3,Monocyte,D0,0.0,40,Pattern5,0.23201147641360934
Subject3,Monocyte,D0,0.0,40,Pattern6,0.07361720998321036
Subject3,Monocyte,D0,0.0,40,Pattern7,0.019199498452888968
Subject3,Monocyte,D0,0.0,40,Pattern8,0.7331326514482498
Subject3,Monocyte,D0,0.0,40,Pattern9,0.022795590085512157
Subject3,Monocyte,D0,0.0,40,Pattern10,0.06824349591275902
Subject3,Monocyte,D10,10.0,48,Pattern1,0.01615926052969503
Subject3,Monocyte,D10,10.0,48,Pattern2,0.01915642351946662
Subject3,Monocyte,D10,10.0,48,Pattern3,0.5921300991127888
Subject3,Monocyte,D10,10.0,48,Pattern4,0.02949378316794539
Subject3,Monocyte,D10,10.0,48,Pattern5,0.22558039184436993
Subject3,Monocyte,D10,10.0,48,Pattern6,0.032896442976699504
Subject3,Monocyte,D10,10.0,48,Pattern7,0.008651429308064467
Subject3,Monocyte,D10,10.0,48,Pattern8,0.7023279623438915
Subject3,Monocyte,D10,10.0,48,Pattern9,0.04366246304310121
Subject3,Monocyte,D10,10.0,48,Pattern10,0.05266410684328093
Subject3,Monocyte,D14/15,14.5,53,Pattern1,0.01919278790209112
Subject3,Monocyte,D14/15,14.5,53,Pattern2,0.03571771738045256
Subject3,Monocyte,D14/15,14.5,53,Pattern3,0.5363999425240282
Subject3,Monocyte,D14/15,14.5,53,Pattern4,0.039127578188586906
Subject3,Monocyte,D14/15,14.5,53,Pattern5,0.19387454976107332
Subject3,Monocyte,D14/15,14.5,53,Pattern6,0.03615489604568265
Subject3,Monocyte,D14/15,14.5,53,Pattern7,0.014064016897760975
Subject3,Monocyte,D14/15,14.5,53,Pattern8,0.7039812938222345
Subject3,Monocyte,D14/15,14.5,53,Pattern9,0.02649534513581425
Subject3,Monocyte,D14/15,14.5,53,Pattern10,0.0316501679596957
Subject3,Monocyte,D2,2.0,33,Pattern1,0.03482914682738491
Subject3,Monocyte,D2,2.0,33,Pattern2,0.057772439384500524
Subject3,Monocyte,D2,2.0,33,Pattern3,0.04667546493942177
Subject3,Monocyte,D2,2.0,33,Pattern4,0.08221958348864644
Subject3,Monocyte,D2,2.0,33,Pattern5,0.21685939502327237
Subject3,Monocyte,D2,2.0,33,Pattern6,0.07357868050705677
Subject3,Monocyte,D2,2.0,33,Pattern7,0.007036185898121424
Subject3,Monocyte,D2,2.0,33,Pattern8,0.7147715570348683
Subject3,Monocyte,D2,2.0,33,Pattern9,0.017867923770163902
Subject3,Monocyte,D2,2.0,33,Pattern10,0.0686303649770632
Subject3,Monocyte,D28,28.0,34,Pattern1,0.02941750668349595
Subject3,Monocyte,D28,28.0,34,Pattern2,0.01822482465259574
Subject3,Monocyte,D28,28.0,34,Pattern3,0.05219193959791508
Subject3,Monocyte,D28,28.0,34,Pattern4,0.05751535308328018
Subject3,Monocyte,D28,28.0,34,Pattern5,0.20630320491940024
Subject3,Monocyte,D28,28.0,34,Pattern6,0.1284241578379057
Subject3,Monocyte,D28,28.0,34,Pattern7,0.01567808747809935
Subject3,Monocyte,D28,28.0,34,Pattern8,0.6903417298898977
Subject3,Monocyte,D28,28.0,34,Pattern9,0.059207827214480584
Subject3,Monocyte,D28,28.0,34,Pattern10,0.06750250691079464
Subject3,Monocyte,D4,4.0,34,Pattern1,0.01892804312625508
Subject3,Monocyte,D4,4.0,34,Pattern2,0.04194693102979672
Subject3,Monocyte,D4,4.0,34,Pattern3,0.08193644677333747
Subject3,Monocyte,D4,4.0,34,Pattern4,0.07533261987255706
Subject3,Monocyte,D4,4.0,34,Pattern5,0.2826083516852524
Subject3,Monocyte,D4,4.0,34,Pattern6,0.05991781001937532
Subject3,Monocyte,D4,4.0,34,Pattern7,0.011426480756257967
Subject3,Monocyte,D4,4.0,34,Pattern8,0.723016717854668
Subject3,Monocyte,D4,4.0,34,Pattern9,0.05203558974657636
Subject3,Monocyte,D4,4.0,34,Pattern10,0.08117330565958893
Subject3,Monocyte,D6,6.0,31,Pattern1,0.01868761715229676
Subject3,Monocyte,D6,6.0,31,Pattern2,0.028098280321050006
Subject3,Monocyte,D6,6.0,31,Pattern3,0.06615775381813895
Subject3,Monocyte,D6,6.0,31,Pattern4,0.0464904323014244
Subject3,Monocyte,D6,6.0,31,Pattern5,0.24191898514829385
Subject3,Monocyte,D6,6.0,31,Pattern6,0.08382301626636854
Subject3,Monocyte,D6,6.0,31,Pattern7,0.038119597439190564
Subject3,Monocyte,D6,6.0,31,Pattern8,0.7312997002755443
Subject3,Monocyte,D6,6.0,31,Pattern9,0.04875546933512042
Subject3,Monocyte,D6,6.0,31,Pattern10,0.060129788384132986
Subject3,Monocyte,D8,8.0,42,Pattern1,0.017096134655109337
Subject3,Monocyte,D8,8.0,42,Pattern2,0.03911403657827707
Subject3,Monocyte,D8,8.0,42,Pattern3,0.1451913212470649
Subject3,Monocyte,D8,8.0,42,Pattern4,0.08226714637970142
Subject3,Monocyte,D8,8.0,42,Pattern5,0.24029700142133673
Subject3,Monocyte,D8,8.0,42,Pattern6,0.031185876608314306
Subject3,Monocyte,D8,8.0,42,Pattern7,0.008399272703722233
Subject3,Monocyte,D8,8.0,42,Pattern8,0.760633477142879
Subject3,Monocyte,D8,8.0,42,Pattern9,0.011765394934857079
Subject3,Monocyte,D8,8.0,42,Pattern10,0.05546097535779199
Subject3,NK_cell,D0,0.0,57,Pattern1,0.06758202938716579
Subject3,NK_cell,D0,0.0,57,Pattern2,0.0023581232631080993
Subject3,NK_cell,D0,0.0,57,Pattern3,0.010638301678144741
Subject3,NK_cell,D0,0.0,57,Pattern4,0.034263593024468054
Subject3,NK_cell,D0,0.0,57,Pattern5,0.08050912533954249
Subject3,NK_cell,D0,0.0,57,Pattern6,0.49300612430823476
Subject3,NK_cell,D0,0.0,57,Pattern7,0.03281036437799824
Subject3,NK_cell,D0,0.0,57,Pattern8,0.00422546645274067
Subject3,NK_cell,D0,0.0,57,Pattern9,0.5366371050477028
Subject3,NK_cell,D0,0.0,57,Pattern10,0.02834894045251425
Subject3,NK_cell,D10,10.0,89,Pattern1,0.04719326664370909
Subject3,NK_cell,D10,10.0,89,Pattern2,0.0004544111251487711
Subject3,NK_cell,D10,10.0,89,Pattern3,0.2374950469879622
Subject3,NK_cell,D10,10.0,89,Pattern4,0.024639065131719984
Subject3,NK_cell,D10,10.0,89,Pattern5,0.07390040712429033
Subject3,NK_cell,D10,10.0,89,Pattern6,0.42013406853997304
Subject3,NK_cell,D10,10.0,89,Pattern7,0.01908538578634261
Subject3,NK_cell,D10,10.0,89,Pattern8,0.0037436092545256876
Subject3,NK_cell,D10,10.0,89,Pattern9,0.6644107459971075
Subject3,NK_cell,D10,10.0,89,Pattern10,0.016167751189017417
Subject3,NK_cell,D14/15,14.5,80,Pattern1,0.038435513005187945
Subject3,NK_cell,D14/15,14.5,80,Pattern2,0.0007027874559492191
Subject3,NK_cell,D14/15,14.5,80,Pattern3,0.17222008096578065
Subject3,NK_cell,D14/15,14.5,80,Pattern4,0.038894014981445464
Subject3,NK_cell,D14/15,14.5,80,Pattern5,0.07909969375162049
Subject3,NK_cell,D14/15,14.5,80,Pattern6,0.4437388890422881
Subject3,NK_cell,D14/15,14.5,80,Pattern7,0.0123335167018915
Subject3,NK_cell,D14/15,14.5,80,Pattern8,0.0024153978116100102
Subject3,NK_cell,D14/15,14.5,80,Pattern9,0.6813474860973656
Subject3,NK_cell,D14/15,14.5,80,Pattern10,0.013162179008202901
Subject3,NK_cell,D2,2.0,77,Pattern1,0.050532365675151354
Subject3,NK_cell,D2,2.0,77,Pattern2,0.0017984474563724126
Subject3,NK_cell,D2,2.0,77,Pattern3,0.00702901131082803
Subject3,NK_cell,D2,2.0,77,Pattern4,0.07151594196663873
Subject3,NK_cell,D2,2.0,77,Pattern5,0.03784504963419903
Subject3,NK_cell,D2,2.0,77,Pattern6,0.4524558604537667
Subject3,NK_cell,D2,2.0,77,Pattern7,0.014705999501892561
Subject3,NK_cell,D2,2.0,77,Pattern8,0.0034323168952023453
Subject3,NK_cell,D2,2.0,77,Pattern9,0.5826649476181377
Subject3,NK_cell,D2,2.0,77,Pattern10,0.022694008184080523
Subject3,NK_cell,D28,28.0,85,Pattern1,0.04687700598344688
Subject3,NK_cell,D28,28.0,85,Pattern2,0.0022414260200110518
Subject3,NK_cell,D28,28.0,85,Pattern3,0.01934403211896906
Subject3,NK_cell,D28,28.0,85,Pattern4,0.0242193598932581
Subject3,NK_cell,D28,28.0,85,Pattern5,0.06006832870724599
Subject3,NK_cell,D28,28.0,85,Pattern6,0.47256578022942825
Subject3,NK_cell,D28,28.0,85,Pattern7,0.026661731233915496
Subject3,NK_cell,D28,28.0,85,Pattern8,0.003269795882425457
Subject3,NK_cell,D28,28.0,85,Pattern9,0.552272246164434
Subject3,NK_cell,D28,28.0,85,Pattern10,0.023022343842491546
Subject3,NK_cell,D4,4.0,79,Pattern1,0.04615192561628381
Subject3,NK_cell,D4,4.0,79,Pattern2,0.002984705190968556
Subject3,NK_cell,D4,4.0,79,Pattern3,0.013140955842156394
Subject3,NK_cell,D4,4.0,79,Pattern4,0.04988072278158083
Subject3,NK_cell,D4,4.0,79,Pattern5,0.07268164645150016
Subject3,NK_cell,D4,4.0,79,Pattern6,0.4730967241751996
Subject3,NK_cell,D4,4.0,79,Pattern7,0.02146725995873302
Subject3,NK_cell,D4,4.0,79,Pattern8,0.006190101213697558
Subject3,NK_cell,D4,4.0,79,Pattern9,0.624836541617973
Subject3,NK_cell,D4,4.0,79,Pattern10,0.021903231285995226
Subject3,NK_cell,D6,6.0,82,Pattern1,0.04915970124768978
Subject3,NK_cell,D6,6.0,82,Pattern2,0.004444852012451227
Subject3,NK_cell,D6,6.0,82,Pattern3,0.018154502590263303
Subject3,NK_cell,D6,6.0,82,Pattern4,0.04143169037439573
Subject3,NK_cell,D6,6.0,82,Pattern5,0.09338111992252396
Subject3,NK_cell,D6,6.0,82,Pattern6,0.4501479742367092
Subject3,NK_cell,D6,6.0,82,Pattern7,0.03599430800087947
Subject3,NK_cell,D6,6.0,82,Pattern8,0.006168988574234547
Subject3,NK_cell,D6,6.0,82,Pattern9,0.5762113089241633
Subject3,NK_cell,D6,6.0,82,Pattern10,0.017358939504642117
Subject3,NK_cell,D8,8.0,91,Pattern1,0.048447932957958205
Subject3,NK_cell,D8,8.0,91,Pattern2,0.002824806406147582
Subject3,NK_cell,D8,8.0,91,Pattern3,0.025472915687294123
Subject3,NK_cell,D8,8.0,91,Pattern4,0.05165007439730808
Subject3,NK_cell,D8,8.0,91,Pattern5,0.09493927966090263
Subject3,NK_cell,D8,8.0,91,Pattern6,0.490573634321873
Subject3,NK_cell,D8,8.0,91,Pattern7,0.025172728739623815
Subject3,NK_cell,D8,8.0,91,Pattern8,0.007022736999784886
Subject3,NK_cell,D8,8.0,91,Pattern9,0.6252729373646307
Subject3,NK_cell,D8,8.0,91,Pattern10,0.016705597165176382
Subject3,Neutrophil,D0,0.0,1,Pattern1,0.0001158810846391
Subject3,Neutrophil,D0,0.0,1,Pattern2,0.0001868661493062
Subject3,Neutrophil,D0,0.0,1,Pattern3,2.00816302822204e-05
Subject3,Neutrophil,D0,0.0,1,Pattern4,0.0013329079374671
Subject3,Neutrophil,D0,0.0,1,Pattern5,0.0259742438793182
Subject3,Neutrophil,D0,0.0,1,Pattern6,0.0002193011023337
Subject3,Neutrophil,D0,0.0,1,Pattern7,0.0585584007203579
Subject3,Neutrophil,D0,0.0,1,Pattern8,0.0026926102582365
Subject3,Neutrophil,D0,0.0,1,Pattern9,0.0001416645973222
Subject3,Neutrophil,D0,0.0,1,Pattern10,0.0110281361266971
Subject3,Neutrophil,D10,10.0,1,Pattern1,0.0109716337174177
Subject3,Neutrophil,D10,10.0,1,Pattern2,0.0165367256850004
Subject3,Neutrophil,D10,10.0,1,Pattern3,0.041132964193821
Subject3,Neutrophil,D10,10.0,1,Pattern4,0.0001834688737289
Subject3,Neutrophil,D10,10.0,1,Pattern5,0.0161082427948713
Subject3,Neutrophil,D10,10.0,1,Pattern6,0.0007476265891455
Subject3,Neutrophil,D10,10.0,1,Pattern7,0.035056184977293
Subject3,Neutrophil,D10,10.0,1,Pattern8,0.0404859222471714
Subject3,Neutrophil,D10,10.0,1,Pattern9,0.0013958325143903
Subject3,Neutrophil,D10,10.0,1,Pattern10,0.0004906984977424
Subject3,Neutrophil,D14/15,14.5,1,Pattern1,0.0008508717291988
Subject3,Neutrophil,D14/15,14.5,1,Pattern2,0.0003035411355085
Subject3,Neutrophil,D14/15,14.5,1,Pattern3,0.0243279188871384
Subject3,Neutrophil,D14/15,14.5,1,Pattern4,0.0002377557248109
Subject3,Neutrophil,D14/15,14.5,1,Pattern5,0.0056242779828608
Subject3,Neutrophil,D14/15,14.5,1,Pattern6,0.000470517843496
Subject3,Neutrophil,D14/15,14.5,1,Pattern7,0.0415064357221127
Subject3,Neutrophil,D14/15,14.5,1,Pattern8,0.0195452552288771
Subject3,Neutrophil,D14/15,14.5,1,Pattern9,0.0341482423245907
Subject3,Neutrophil,D14/15,14.5,1,Pattern10,0.0004034359881188
Subject3,Neutrophil,D2,2.0,2,Pattern1,4.3719091991079053e-05
Subject3,Neutrophil,D2,2.0,2,Pattern2,0.00016599092350584176
Subject3,Neutrophil,D2,2.0,2,Pattern3,1.650174397127559e-06
Subject3,Neutrophil,D2,2.0,2,Pattern4,0.0133072647513472
Subject3,Neutrophil,D2,2.0,2,Pattern5,0.03848991077393295
Subject3,Neutrophil,D2,2.0,2,Pattern6,0.023895199643448
Subject3,Neutrophil,D2,2.0,2,Pattern7,0.0259161138674244
Subject3,Neutrophil,D2,2.0,2,Pattern8,0.02326879650354385
Subject3,Neutrophil,D2,2.0,2,Pattern9,0.018230590329039852
Subject3,Neutrophil,D2,2.0,2,Pattern10,0.0008982252288660655
Subject3,Neutrophil,D28,28.0,5,Pattern1,0.0003994438290646675
Subject3,Neutrophil,D28,28.0,5,Pattern2,0.0038695567898684954
Subject3,Neutrophil,D28,28.0,5,Pattern3,0.0031803305751964004
Subject3,Neutrophil,D28,28.0,5,Pattern4,0.00493010629143096
Subject3,Neutrophil,D28,28.0,5,Pattern5,0.0507960805669427
Subject3,Neutrophil,D28,28.0,5,Pattern6,0.008185418198627274
Subject3,Neutrophil,D28,28.0,5,Pattern7,0.024989249161444578
Subject3,Neutrophil,D28,28.0,5,Pattern8,0.014972582298651093
Subject3,Neutrophil,D28,28.0,5,Pattern9,0.012083677627379061
Subject3,Neutrophil,D28,28.0,5,Pattern10,0.004601434753840275
Subject3,Neutrophil,D4,4.0,2,Pattern1,0.000631274581564838
Subject3,Neutrophil,D4,4.0,2,Pattern2,0.00010581828769313301
Subject3,Neutrophil,D4,4.0,2,Pattern3,1.5623181418844537e-06
Subject3,Neutrophil,D4,4.0,2,Pattern4,0.01058691967045885
Subject3,Neutrophil,D4,4.0,2,Pattern5,0.045326572842896
Subject3,Neutrophil,D4,4.0,2,Pattern6,0.0200539589859545
Subject3,Neutrophil,D4,4.0,2,Pattern7,0.03783788718283175
Subject3,Neutrophil,D4,4.0,2,Pattern8,0.0273067820817232
Subject3,Neutrophil,D4,4.0,2,Pattern9,4.55769608151968e-05
Subject3,Neutrophil,D4,4.0,2,Pattern10,0.00012599788260554584
Subject3,Neutrophil,D6,6.0,6,Pattern1,0.0024152828918886245
Subject3,Neutrophil,D6,6.0,6,Pattern2,0.000290923549376484
Subject3,Neutrophil,D6,6.0,6,Pattern3,0.00012337202436657095
Subject3,Neutrophil,D6,6.0,6,Pattern4,0.00761556350820075
Subject3,Neutrophil,D6,6.0,6,Pattern5,0.05124314222484825
Subject3,Neutrophil,D6,6.0,6,Pattern6,0.003533220119910119
Subject3,Neutrophil,D6,6.0,6,Pattern7,0.047265786056717246
Subject3,Neutrophil,D6,6.0,6,Pattern8,0.015389044148226567
Subject3,Neutrophil,D6,6.0,6,Pattern9,0.008333647415080718
Subject3,Neutrophil,D6,6.0,6,Pattern10,0.008200005192823758
Subject3,Neutrophil,D8,8.0,4,Pattern1,0.0002707618900785562
Subject3,Neutrophil,D8,8.0,4,Pattern2,0.0006575985207746224
Subject3,Neutrophil,D8,8.0,4,Pattern3,0.003927656361952348
Subject3,Neutrophil,D8,8.0,4,Pattern4,0.010744679902018104
Subject3,Neutrophil,D8,8.0,4,Pattern5,0.0314838769409107
Subject3,Neutrophil,D8,8.0,4,Pattern6,0.006826365555752951
Subject3,Neutrophil,D8,8.0,4,Pattern7,0.053644529734810924
Subject3,Neutrophil,D8,8.0,4,Pattern8,0.0256215634290129
Subject3,Neutrophil,D8,8.0,4,Pattern9,0.011223381952731825
Subject3,Neutrophil,D8,8.0,4,Pattern10,0.008922113382141075
Subject3,Plasmablast,D10,10.0,1,Pattern1,0.124414347112179
Subject3,Plasmablast,D10,10.0,1,Pattern2,5.22992877449724e-06
Subject3,Plasmablast,D10,10.0,1,Pattern3,0.195048809051514
Subject3,Plasmablast,D10,10.0,1,Pattern4,0.0671911537647247
Subject3,Plasmablast,D10,10.0,1,Pattern5,0.253852874040604
Subject3,Plasmablast,D10,10.0,1,Pattern6,0.116227105259895
Subject3,Plasmablast,D10,10.0,1,Pattern7,0.0002240303292637
Subject3,Plasmablast,D10,10.0,1,Pattern8,0.0268277749419212
Subject3,Plasmablast,D10,10.0,1,Pattern9,0.0079266913235187
Subject3,Plasmablast,D10,10.0,1,Pattern10,0.0631916970014572
Subject3,Plasmablast,D14/15,14.5,1,Pattern1,8.82675449247472e-05
Subject3,Plasmablast,D14/15,14.5,1,Pattern2,0.0
Subject3,Plasmablast,D14/15,14.5,1,Pattern3,0.14650259912014
Subject3,Plasmablast,D14/15,14.5,1,Pattern4,7.93219442130066e-05
Subject3,Plasmablast,D14/15,14.5,1,Pattern5,0.797341585159302
Subject3,Plasmablast,D14/15,14.5,1,Pattern6,0.111449256539345
Subject3,Plasmablast,D14/15,14.5,1,Pattern7,5.99951135882293e-06
Subject3,Plasmablast,D14/15,14.5,1,Pattern8,0.174382627010345
Subject3,Plasmablast,D14/15,14.5,1,Pattern9,0.0261918101459742
Subject3,Plasmablast,D14/15,14.5,1,Pattern10,0.389912515878677
Subject3,Plasmablast,D2,2.0,3,Pattern1,0.0577317867428064
Subject3,Plasmablast,D2,2.0,3,Pattern2,6.112828714321934e-07
Subject3,Plasmablast,D2,2.0,3,Pattern3,0.013677096871958836
Subject3,Plasmablast,D2,2.0,3,Pattern4,0.026604540442349372
Subject3,Plasmablast,D2,2.0,3,Pattern5,0.8110872705777487
Subject3,Plasmablast,D2,2.0,3,Pattern6,0.09542375306288386
Subject3,Plasmablast,D2,2.0,3,Pattern7,7.647118964841865e-05
Subject3,Plasmablast,D2,2.0,3,Pattern8,0.19454707205295566
Subject3,Plasmablast,D2,2.0,3,Pattern9,0.06484953810771306
Subject3,Plasmablast,D2,2.0,3,Pattern10,0.374694546063741
Subject3,Plasmablast,D28,28.0,1,Pattern1,0.0363401398062706
Subject3,Plasmablast,D28,28.0,1,Pattern2,0.0
Subject3,Plasmablast,D28,28.0,1,Pattern3,0.0023710990790277
Subject3,Plasmablast,D28,28.0,1,Pattern4,6.05550170007518e-08
Subject3,Plasmablast,D28,28.0,1,Pattern5,0.744561016559601
Subject3,Plasmablast,D28,28.0,1,Pattern6,0.164485320448875
Subject3,Plasmablast,D28,28.0,1,Pattern7,7.98025848780526e-06
Subject3,Plasmablast,D28,28.0,1,Pattern8,0.118380308151245
Subject3,Plasmablast,D28,28.0,1,Pattern9,0.05259894952178
Subject3,Plasmablast,D28,28.0,1,Pattern10,0.43023756146431
Subject3,Plasmablast,D4,4.0,1,Pattern1,0.0738444253802299
Subject3,Plasmablast,D4,4.0,1,Pattern2,0.0
Subject3,Plasmablast,D4,4.0,1,Pattern3,0.0002641681348904
Subject3,Plasmablast,D4,4.0,1,Pattern4,8.33799931569956e-05
Subject3,Plasmablast,D4,4.0,1,Pattern5,0.751360535621643
Subject3,Plasmablast,D4,4.0,1,Pattern6,0.0976386144757271
Subject3,Plasmablast,D4,4.0,1,Pattern7,0.0
Subject3,Plasmablast,D4,4.0,1,Pattern8,0.173282161355019
Subject3,Plasmablast,D4,4.0,1,Pattern9,0.0374832004308701
Subject3,Plasmablast,D4,4.0,1,Pattern10,0.415292531251907
Subject3,Plasmablast,D6,6.0,2,Pattern1,0.0001423681214873584
Subject3,Plasmablast,D6,6.0,2,Pattern2,8.0174695540336e-06
Subject3,Plasmablast,D6,6.0,2,Pattern3,0.005580191856442888
Subject3,Plasmablast,D6,6.0,2,Pattern4,0.04209426145560259
Subject3,Plasmablast,D6,6.0,2,Pattern5,0.7126611769199375
Subject3,Plasmablast,D6,6.0,2,Pattern6,0.16822229698300348
Subject3,Plasmablast,D6,6.0,2,Pattern7,3.43812016581069e-05
Subject3,Plasmablast,D6,6.0,2,Pattern8,0.134911239147186
Subject3,Plasmablast,D6,6.0,2,Pattern9,0.20169964060187365
Subject3,Plasmablast,D6,6.0,2,Pattern10,0.361980855464935
Subject3,T_cell,D0,0.0,81,Pattern1,0.09642244628296016
Subject3,T_cell,D0,0.0,81,Pattern2,0.0021497162391891787
Subject3,T_cell,D0,0.0,81,Pattern3,0.01827136920907214
Subject3,T_cell,D0,0.0,81,Pattern4,0.01618068148675764
Subject3,T_cell,D0,0.0,81,Pattern5,0.05723301065917674
Subject3,T_cell,D0,0.0,81,Pattern6,0.613422065237422
Subject3,T_cell,D0,0.0,81,Pattern7,0.28622530179507766
Subject3,T_cell,D0,0.0,81,Pattern8,0.0038920616736064484
Subject3,T_cell,D0,0.0,81,Pattern9,0.04275753425001079
Subject3,T_cell,D0,0.0,81,Pattern10,0.009916739207105698
Subject3,T_cell,D10,10.0,55,Pattern1,0.08427788001787456
Subject3,T_cell,D10,10.0,55,Pattern2,0.0004971372355839735
Subject3,T_cell,D10,10.0,55,Pattern3,0.20441027893261474
Subject3,T_cell,D10,10.0,55,Pattern4,0.007849290592776068
Subject3,T_cell,D10,10.0,55,Pattern5,0.0774940027053702
Subject3,T_cell,D10,10.0,55,Pattern6,0.6112472149458799
Subject3,T_cell,D10,10.0,55,Pattern7,0.28696445632614825
Subject3,T_cell,D10,10.0,55,Pattern8,0.0024087950071971483
Subject3,T_cell,D10,10.0,55,Pattern9,0.038070500159178795
Subject3,T_cell,D10,10.0,55,Pattern10,0.005293605777962074
Subject3,T_cell,D14/15,14.5,59,Pattern1,0.06569655437729642
Subject3,T_cell,D14/15,14.5,59,Pattern2,0.0010144886878864661
Subject3,T_cell,D14/15,14.5,59,Pattern3,0.1595092589761746
Subject3,T_cell,D14/15,14.5,59,Pattern4,0.01881313980848236
Subject3,T_cell,D14/15,14.5,59,Pattern5,0.09613064699038598
Subject3,T_cell,D14/15,14.5,59,Pattern6,0.6342941569440635
Subject3,T_cell,D14/15,14.5,59,Pattern7,0.30010044841944006
Subject3,T_cell,D14/15,14.5,59,Pattern8,0.0036845185285929887
Subject3,T_cell,D14/15,14.5,59,Pattern9,0.0395601025390046
Subject3,T_cell,D14/15,14.5,59,Pattern10,0.007763568465658867
Subject3,T_cell,D2,2.0,77,Pattern1,0.08175728821510786
Subject3,T_cell,D2,2.0,77,Pattern2,0.0031899669534665156
Subject3,T_cell,D2,2.0,77,Pattern3,0.01573977186556633
Subject3,T_cell,D2,2.0,77,Pattern4,0.04899050490953321
Subject3,T_cell,D2,2.0,77,Pattern5,0.09881959930073929
Subject3,T_cell,D2,2.0,77,Pattern6,0.6725537788558316
Subject3,T_cell,D2,2.0,77,Pattern7,0.25017422626049
Subject3,T_cell,D2,2.0,77,Pattern8,0.004381555199006752
Subject3,T_cell,D2,2.0,77,Pattern9,0.032460218114111726
Subject3,T_cell,D2,2.0,77,Pattern10,0.009956916665838018
Subject3,T_cell,D28,28.0,59,Pattern1,0.09012039416529467
Subject3,T_cell,D28,28.0,59,Pattern2,0.0022345030724387036
Subject3,T_cell,D28,28.0,59,Pattern3,0.021649383800557816
Subject3,T_cell,D28,28.0,59,Pattern4,0.0085761966634794
Subject3,T_cell,D28,28.0,59,Pattern5,0.045750922631431795
Subject3,T_cell,D28,28.0,59,Pattern6,0.5991074915154505
Subject3,T_cell,D28,28.0,59,Pattern7,0.24558069551459102
Subject3,T_cell,D28,28.0,59,Pattern8,0.005887596967171773
Subject3,T_cell,D28,28.0,59,Pattern9,0.05908938247514273
Subject3,T_cell,D28,28.0,59,Pattern10,0.009512918684281408
Subject3,T_cell,D4,4.0,68,Pattern1,0.09954368574162686
Subject3,T_cell,D4,4.0,68,Pattern2,0.0025306861747885503
Subject3,T_cell,D4,4.0,68,Pattern3,0.025117916806268785
Subject3,T_cell,D4,4.0,68,Pattern4,0.021386633453227125
Subject3,T_cell,D4,4.0,68,Pattern5,0.0977113578440296
Subject3,T_cell,D4,4.0,68,Pattern6,0.6645042265162749
Subject3,T_cell,D4,4.0,68,Pattern7,0.27134635944788205
Subject3,T_cell,D4,4.0,68,Pattern8,0.00810549463052972
Subject3,T_cell,D4,4.0,68,Pattern9,0.03972856576304822
Subject3,T_cell,D4,4.0,68,Pattern10,0.014036446925393613
Subject3,T_cell,D6,6.0,63,Pattern1,0.10538375482705095
Subject3,T_cell,D6,6.0,63,Pattern2,0.004223134954785887
Subject3,T_cell,D6,6.0,63,Pattern3,0.03045012170639213
Subject3,T_cell,D6,6.0,63,Pattern4,0.012846257955625218
Subject3,T_cell,D6,6.0,63,Pattern5,0.1366536273028595
Subject3,T_cell,D6,6.0,63,Pattern6,0.6439907271710653
Subject3,T_cell,D6,6.0,63,Pattern7,0.2723500427627375
Subject3,T_cell,D6,6.0,63,Pattern8,0.003253329963625219
Subject3,T_cell,D6,6.0,63,Pattern9,0.030268659215500447
Subject3,T_cell,D6,6.0,63,Pattern10,0.00823594192260701
Subject3,T_cell,D8,8.0,48,Pattern1,0.08811550994512868
Subject3,T_cell,D8,8.0,48,Pattern2,0.0016673557817436125
Subject3,T_cell,D8,8.0,48,Pattern3,0.043104103624857025
Subject3,T_cell,D8,8.0,48,Pattern4,0.012482710522111322
Subject3,T_cell,D8,8.0,48,Pattern5,0.11381206011901668
Subject3,T_cell,D8,8.0,48,Pattern6,0.6462991399069627
Subject3,T_cell,D8,8.0,48,Pattern7,0.3201614907702605
Subject3,T_cell,D8,8.0,48,Pattern8,0.00545187068890483
Subject3,T_cell,D8,8.0,48,Pattern9,0.035448407605658865
Subject3,T_cell,D8,8.0,48,Pattern10,0.0077151558393892304
Subject5,B_cell,D0,0.0,27,Pattern1,0.08073684439659694
Subject5,B_cell,D0,0.0,27,Pattern2,0.01381664498141523
Subject5,B_cell,D0,0.0,27,Pattern3,0.006747189368835993
Subject5,B_cell,D0,0.0,27,Pattern4,0.17711700673680747
Subject5,B_cell,D0,0.0,27,Pattern5,0.10445178212803849
Subject5,B_cell,D0,0.0,27,Pattern6,0.016513714895948103
Subject5,B_cell,D0,0.0,27,Pattern7,0.02655065327069515
Subject5,B_cell,D0,0.0,27,Pattern8,0.004329477098169539
Subject5,B_cell,D0,0.0,27,Pattern9,0.019781484200782146
Subject5,B_cell,D0,0.0,27,Pattern10,0.723357288925736
Subject5,B_cell,D10,10.0,21,Pattern1,0.03902977749466309
Subject5,B_cell,D10,10.0,21,Pattern2,0.003909174182933287
Subject5,B_cell,D10,10.0,21,Pattern3,0.10933028658231106
Subject5,B_cell,D10,10.0,21,Pattern4,0.19998016930445114
Subject5,B_cell,D10,10.0,21,Pattern5,0.0861788190602619
Subject5,B_cell,D10,10.0,21,Pattern6,0.010105890024284405
Subject5,B_cell,D10,10.0,21,Pattern7,0.05350850197434434
Subject5,B_cell,D10,10.0,21,Pattern8,0.0036419175193032048
Subject5,B_cell,D10,10.0,21,Pattern9,0.0011391672873871956
Subject5,B_cell,D10,10.0,21,Pattern10,0.672256255433673
Subject5,B_cell,D14/15,14.5,9,Pattern1,0.014104894284779821
Subject5,B_cell,D14/15,14.5,9,Pattern2,0.010442943541837248
Subject5,B_cell,D14/15,14.5,9,Pattern3,0.1149054614620076
Subject5,B_cell,D14/15,14.5,9,Pattern4,0.3657659327629214
Subject5,B_cell,D14/15,14.5,9,Pattern5,0.13984472242494417
Subject5,B_cell,D14/15,14.5,9,Pattern6,0.017021183087510716
Subject5,B_cell,D14/15,14.5,9,Pattern7,0.04421201570384407
Subject5,B_cell,D14/15,14.5,9,Pattern8,0.002000842838953066
Subject5,B_cell,D14/15,14.5,9,Pattern9,0.0022389136296911702
Subject5,B_cell,D14/15,14.5,9,Pattern10,0.6534080074893104
Subject5,B_cell,D2,2.0,15,Pattern1,0.08056421232964416
Subject5,B_cell,D2,2.0,15,Pattern2,0.0051994228740113585
Subject5,B_cell,D2,2.0,15,Pattern3,0.009465398170865068
Subject5,B_cell,D2,2.0,15,Pattern4,0.1398200487430585
Subject5,B_cell,D2,2.0,15,Pattern5,0.13351670495000387
Subject5,B_cell,D2,2.0,15,Pattern6,0.029633739620582362
Subject5,B_cell,D2,2.0,15,Pattern7,0.08283049327822792
Subject5,B_cell,D2,2.0,15,Pattern8,0.005989080194452352
Subject5,B_cell,D2,2.0,15,Pattern9,0.017769523377148756
Subject5,B_cell,D2,2.0,15,Pattern10,0.6699720919132234
Subject5,B_cell,D28,28.0,31,Pattern1,0.06319552112324246
Subject5,B_cell,D28,28.0,31,Pattern2,0.01339762187972008
Subject5,B_cell,D28,28.0,31,Pattern3,0.008793092326291965
Subject5,B_cell,D28,28.0,31,Pattern4,0.2752864732503225
Subject5,B_cell,D28,28.0,31,Pattern5,0.07263846283576789
Subject5,B_cell,D28,28.0,31,Pattern6,0.01321488109904073
Subject5,B_cell,D28,28.0,31,Pattern7,0.0429271906673705
Subject5,B_cell,D28,28.0,31,Pattern8,0.0031851684774414674
Subject5,B_cell,D28,28.0,31,Pattern9,0.002105346705625194
Subject5,B_cell,D28,28.0,31,Pattern10,0.6814898194805267
Subject5,B_cell,D4,4.0,25,Pattern1,0.061837722058985495
Subject5,B_cell,D4,4.0,25,Pattern2,0.005458999102681898
Subject5,B_cell,D4,4.0,25,Pattern3,0.0011643023583051467
Subject5,B_cell,D4,4.0,25,Pattern4,0.10851577065692711
Subject5,B_cell,D4,4.0,25,Pattern5,0.055910933532184084
Subject5,B_cell,D4,4.0,25,Pattern6,0.02209858540057893
Subject5,B_cell,D4,4.0,25,Pattern7,0.050086204217295746
Subject5,B_cell,D4,4.0,25,Pattern8,0.0008768934420413588
Subject5,B_cell,D4,4.0,25,Pattern9,0.001726062950598781
Subject5,B_cell,D4,4.0,25,Pattern10,0.6986952996253968
Subject5,B_cell,D6,6.0,17,Pattern1,0.07562916573276797
Subject5,B_cell,D6,6.0,17,Pattern2,0.008594278820523589
Subject5,B_cell,D6,6.0,17,Pattern3,0.0031721921489251794
Subject5,B_cell,D6,6.0,17,Pattern4,0.21240897967382968
Subject5,B_cell,D6,6.0,17,Pattern5,0.09229559177423219
Subject5,B_cell,D6,6.0,17,Pattern6,0.022941786394859356
Subject5,B_cell,D6,6.0,17,Pattern7,0.047808309155007764
Subject5,B_cell,D6,6.0,17,Pattern8,0.007787655787818516
Subject5,B_cell,D6,6.0,17,Pattern9,0.0028287287318896786
Subject5,B_cell,D6,6.0,17,Pattern10,0.7412017653970158
Subject5,B_cell,D8,8.0,23,Pattern1,0.058860937989724395
Subject5,B_cell,D8,8.0,23,Pattern2,0.0013309205061872089
Subject5,B_cell,D8,8.0,23,Pattern3,0.009329717093229798
Subject5,B_cell,D8,8.0,23,Pattern4,0.2753489990525865
Subject5,B_cell,D8,8.0,23,Pattern5,0.051640997260407204
Subject5,B_cell,D8,8.0,23,Pattern6,0.019496002515693237
Subject5,B_cell,D8,8.0,23,Pattern7,0.024245893621352727
Subject5,B_cell,D8,8.0,23,Pattern8,0.0011569459527757406
Subject5,B_cell,D8,8.0,23,Pattern9,0.0004374196305239744
Subject5,B_cell,D8,8.0,23,Pattern10,0.6918215505454852
Subject5,Monocyte,D0,0.0,49,Pattern1,0.19068034294630645
Subject5,Monocyte,D0,0.0,49,Pattern2,0.48991820824389554
Subject5,Monocyte,D0,0.0,49,Pattern3,0.03405762912483778
Subject5,Monocyte,D0,0.0,49,Pattern4,0.04343184473797552
Subject5,Monocyte,D0,0.0,49,Pattern5,0.16033122854010787
Subject5,Monocyte,D0,0.0,49,Pattern6,0.0018188992839745096
Subject5,Monocyte,D0,0.0,49,Pattern7,0.012187994615448255
Subject5,Monocyte,D0,0.0,49,Pattern8,0.26294916123151774
Subject5,Monocyte,D0,0.0,49,Pattern9,0.0033987245570418047
Subject5,Monocyte,D0,0.0,49,Pattern10,0.05829183498238417
Subject5,Monocyte,D10,10.0,45,Pattern1,0.1797703424319884
Subject5,Monocyte,D10,10.0,45,Pattern2,0.41002536051803173
Subject5,Monocyte,D10,10.0,45,Pattern3,0.2864902564220958
Subject5,Monocyte,D10,10.0,45,Pattern4,0.03554005887610965
Subject5,Monocyte,D10,10.0,45,Pattern5,0.07444957704987651
Subject5,Monocyte,D10,10.0,45,Pattern6,0.004898166974138331
Subject5,Monocyte,D10,10.0,45,Pattern7,0.017856369399587235
Subject5,Monocyte,D10,10.0,45,Pattern8,0.23449134901165966
Subject5,Monocyte,D10,10.0,45,Pattern9,0.009294451730093864
Subject5,Monocyte,D10,10.0,45,Pattern10,0.03470765666511902
Subject5,Monocyte,D14/15,14.5,41,Pattern1,0.039511279472975835
Subject5,Monocyte,D14/15,14.5,41,Pattern2,0.4372702855162504
Subject5,Monocyte,D14/15,14.5,41,Pattern3,0.3700736572102803
Subject5,Monocyte,D14/15,14.5,41,Pattern4,0.22954454047625986
Subject5,Monocyte,D14/15,14.5,41,Pattern5,0.14071961872569544
Subject5,Monocyte,D14/15,14.5,41,Pattern6,0.002050472521104414
Subject5,Monocyte,D14/15,14.5,41,Pattern7,0.016555388005289662
Subject5,Monocyte,D14/15,14.5,41,Pattern8,0.24317311095755276
Subject5,Monocyte,D14/15,14.5,41,Pattern9,0.005539907664334909
Subject5,Monocyte,D14/15,14.5,41,Pattern10,0.032731261044458664
Subject5,Monocyte,D2,2.0,39,Pattern1,0.23468165282545855
Subject5,Monocyte,D2,2.0,39,Pattern2,0.41292856213374013
Subject5,Monocyte,D2,2.0,39,Pattern3,0.06710289198973528
Subject5,Monocyte,D2,2.0,39,Pattern4,0.038264483206731106
Subject5,Monocyte,D2,2.0,39,Pattern5,0.16024227339270952
Subject5,Monocyte,D2,2.0,39,Pattern6,0.0016688858281959696
Subject5,Monocyte,D2,2.0,39,Pattern7,0.021532148118292477
Subject5,Monocyte,D2,2.0,39,Pattern8,0.29817085961500805
Subject5,Monocyte,D2,2.0,39,Pattern9,0.00734749695257673
Subject5,Monocyte,D2,2.0,39,Pattern10,0.05881381951497557
Subject5,Monocyte,D28,28.0,18,Pattern1,0.23041832699851097
Subject5,Monocyte,D28,28.0,18,Pattern2,0.35915500256750327
Subject5,Monocyte,D28,28.0,18,Pattern3,0.035619500990927096
Subject5,Monocyte,D28,28.0,18,Pattern4,0.08587577857320455
Subject5,Monocyte,D28,28.0,18,Pattern5,0.22504891161470805
Subject5,Monocyte,D28,28.0,18,Pattern6,0.0024395976472533173
Subject5,Monocyte,D28,28.0,18,Pattern7,0.0019359623508449027
Subject5,Monocyte,D28,28.0,18,Pattern8,0.2652815083662668
Subject5,Monocyte,D28,28.0,18,Pattern9,0.002803245919393984
Subject5,Monocyte,D28,28.0,18,Pattern10,0.13268622010946268
Subject5,Monocyte,D4,4.0,24,Pattern1,0.21685533265696225
Subject5,Monocyte,D4,4.0,24,Pattern2,0.4221949093043804
Subject5,Monocyte,D4,4.0,24,Pattern3,0.02862684321050296
Subject5,Monocyte,D4,4.0,24,Pattern4,0.0437349007649126
Subject5,Monocyte,D4,4.0,24,Pattern5,0.16753368047889686
Subject5,Monocyte,D4,4.0,24,Pattern6,0.00466840451793615
Subject5,Monocyte,D4,4.0,24,Pattern7,0.017780563783058305
Subject5,Monocyte,D4,4.0,24,Pattern8,0.24539854377508163
Subject5,Monocyte,D4,4.0,24,Pattern9,0.0058635059334481805
Subject5,Monocyte,D4,4.0,24,Pattern10,0.08535847567706382
Subject5,Monocyte,D6,6.0,17,Pattern1,0.2292071448294284
Subject5,Monocyte,D6,6.0,17,Pattern2,0.5144578323644751
Subject5,Monocyte,D6,6.0,17,Pattern3,0.019183572449933847
Subject5,Monocyte,D6,6.0,17,Pattern4,0.047464935003905945
Subject5,Monocyte,D6,6.0,17,Pattern5,0.20263614830371493
Subject5,Monocyte,D6,6.0,17,Pattern6,3.800303499487567e-05
Subject5,Monocyte,D6,6.0,17,Pattern7,0.008730927103188684
Subject5,Monocyte,D6,6.0,17,Pattern8,0.25401221434859667
Subject5,Monocyte,D6,6.0,17,Pattern9,0.0013410322404718601
Subject5,Monocyte,D6,6.0,17,Pattern10,0.06841655271521108
Subject5,Monocyte,D8,8.0,25,Pattern1,0.1133958272003179
Subject5,Monocyte,D8,8.0,25,Pattern2,0.3734279659390449
Subject5,Monocyte,D8,8.0,25,Pattern3,0.035879512385588244
Subject5,Monocyte,D8,8.0,25,Pattern4,0.09121559113557728
Subject5,Monocyte,D8,8.0,25,Pattern5,0.17805798602705405
Subject5,Monocyte,D8,8.0,25,Pattern6,0.013333944976534437
Subject5,Monocyte,D8,8.0,25,Pattern7,0.06376661358851154
Subject5,Monocyte,D8,8.0,25,Pattern8,0.28371261715888973
Subject5,Monocyte,D8,8.0,25,Pattern9,0.00832011021119114
Subject5,Monocyte,D8,8.0,25,Pattern10,0.061771547267453555
Subject5,NK_cell,D0,0.0,21,Pattern1,0.2354851915013223
Subject5,NK_cell,D0,0.0,21,Pattern2,0.0162198868119525
Subject5,NK_cell,D0,0.0,21,Pattern3,0.02417480457275122
Subject5,NK_cell,D0,0.0,21,Pattern4,0.37958388385318564
Subject5,NK_cell,D0,0.0,21,Pattern5,0.07134412547677693
Subject5,NK_cell,D0,0.0,21,Pattern6,0.0001556282081020511
Subject5,NK_cell,D0,0.0,21,Pattern7,0.03993813812485315
Subject5,NK_cell,D0,0.0,21,Pattern8,0.007200742874634392
Subject5,NK_cell,D0,0.0,21,Pattern9,0.48693783297425214
Subject5,NK_cell,D0,0.0,21,Pattern10,0.021502913769538848
Subject5,NK_cell,D10,10.0,22,Pattern1,0.13514175554886065
Subject5,NK_cell,D10,10.0,22,Pattern2,0.007181175934585383
Subject5,NK_cell,D10,10.0,22,Pattern3,0.2523415762592446
Subject5,NK_cell,D10,10.0,22,Pattern4,0.4401432580568574
Subject5,NK_cell,D10,10.0,22,Pattern5,0.11093196659997127
Subject5,NK_cell,D10,10.0,22,Pattern6,0.0062516751778373784
Subject5,NK_cell,D10,10.0,22,Pattern7,0.034994614780881506
Subject5,NK_cell,D10,10.0,22,Pattern8,0.0027785765653592577
Subject5,NK_cell,D10,10.0,22,Pattern9,0.4886863292618232
Subject5,NK_cell,D10,10.0,22,Pattern10,0.01688672718182717
Subject5,NK_cell,D14/15,14.5,36,Pattern1,0.07947029516785951
Subject5,NK_cell,D14/15,14.5,36,Pattern2,0.002100157300231347
Subject5,NK_cell,D14/15,14.5,36,Pattern3,0.2232191862745418
Subject5,NK_cell,D14/15,14.5,36,Pattern4,0.5792543374829823
Subject5,NK_cell,D14/15,14.5,36,Pattern5,0.21702323324027223
Subject5,NK_cell,D14/15,14.5,36,Pattern6,0.01873406095865942
Subject5,NK_cell,D14/15,14.5,36,Pattern7,0.00715133102831246
Subject5,NK_cell,D14/15,14.5,36,Pattern8,0.002194457570976421
Subject5,NK_cell,D14/15,14.5,36,Pattern9,0.5376828528112836
Subject5,NK_cell,D14/15,14.5,36,Pattern10,0.012350026648309469
Subject5,NK_cell,D2,2.0,31,Pattern1,0.24107949278797397
Subject5,NK_cell,D2,2.0,31,Pattern2,0.015088864626461007
Subject5,NK_cell,D2,2.0,31,Pattern3,0.021158728680617394
Subject5,NK_cell,D2,2.0,31,Pattern4,0.35185376194215595
Subject5,NK_cell,D2,2.0,31,Pattern5,0.04683301335242434
Subject5,NK_cell,D2,2.0,31,Pattern6,0.020987165972822342
Subject5,NK_cell,D2,2.0,31,Pattern7,0.030225248580285143
Subject5,NK_cell,D2,2.0,31,Pattern8,0.006653891630033691
Subject5,NK_cell,D2,2.0,31,Pattern9,0.48444926450329445
Subject5,NK_cell,D2,2.0,31,Pattern10,0.02736156065713011
Subject5,NK_cell,D28,28.0,9,Pattern1,0.21746032767825657
Subject5,NK_cell,D28,28.0,9,Pattern2,0.016306728303283703
Subject5,NK_cell,D28,28.0,9,Pattern3,0.0311800805199343
Subject5,NK_cell,D28,28.0,9,Pattern4,0.40570270726152546
Subject5,NK_cell,D28,28.0,9,Pattern5,0.012020605189516352
Subject5,NK_cell,D28,28.0,9,Pattern6,0.03440607043890193
Subject5,NK_cell,D28,28.0,9,Pattern7,0.019453048080069663
Subject5,NK_cell,D28,28.0,9,Pattern8,0.0041424127007682375
Subject5,NK_cell,D28,28.0,9,Pattern9,0.36250743352704584
Subject5,NK_cell,D28,28.0,9,Pattern10,0.023365330188028107
Subject5,NK_cell,D4,4.0,16,Pattern1,0.22363856094699489
Subject5,NK_cell,D4,4.0,16,Pattern2,0.008793849600380084
Subject5,NK_cell,D4,4.0,16,Pattern3,0.016897799846205427
Subject5,NK_cell,D4,4.0,16,Pattern4,0.3889057193882764
Subject5,NK_cell,D4,4.0,16,Pattern5,0.017147063447488616
Subject5,NK_cell,D4,4.0,16,Pattern6,0.018150767270221028
Subject5,NK_cell,D4,4.0,16,Pattern7,0.034803569871339625
Subject5,NK_cell,D4,4.0,16,Pattern8,0.01239373552654044
Subject5,NK_cell,D4,4.0,16,Pattern9,0.39740531146526337
Subject5,NK_cell,D4,4.0,16,Pattern10,0.01662488429555251
Subject5,NK_cell,D6,6.0,20,Pattern1,0.18816416661152857
Subject5,NK_cell,D6,6.0,20,Pattern2,0.004194525005579651
Subject5,NK_cell,D6,6.0,20,Pattern3,0.02901441873485665
Subject5,NK_cell,D6,6.0,20,Pattern4,0.48558364659547804
Subject5,NK_cell,D6,6.0,20,Pattern5,0.07535861215646937
Subject5,NK_cell,D6,6.0,20,Pattern6,0.03747893531032105
Subject5,NK_cell,D6,6.0,20,Pattern7,0.017034614521156743
Subject5,NK_cell,D6,6.0,20,Pattern8,0.012445976307724014
Subject5,NK_cell,D6,6.0,20,Pattern9,0.40693356096744526
Subject5,NK_cell,D6,6.0,20,Pattern10,0.031964847921349814
Subject5,NK_cell,D8,8.0,11,Pattern1,0.15230519961332073
Subject5,NK_cell,D8,8.0,11,Pattern2,0.01070678963004536
Subject5,NK_cell,D8,8.0,11,Pattern3,0.0233363809741356
Subject5,NK_cell,D8,8.0,11,Pattern4,0.3339089521576912
Subject5,NK_cell,D8,8.0,11,Pattern5,0.10388565307322942
Subject5,NK_cell,D8,8.0,11,Pattern6,0.07560388112575699
Subject5,NK_cell,D8,8.0,11,Pattern7,0.07297180699185907
Subject5,NK_cell,D8,8.0,11,Pattern8,0.01641420538693306
Subject5,NK_cell,D8,8.0,11,Pattern9,0.4374582564288918
Subject5,NK_cell,D8,8.0,11,Pattern10,0.027308788425960486
Subject5,Neutrophil,D10,10.0,2,Pattern1,0.01826652977615595
Subject5,Neutrophil,D10,10.0,2,Pattern2,0.0001915171387735981
Subject5,Neutrophil,D10,10.0,2,Pattern3,0.00018174368597095002
Subject5,Neutrophil,D10,10.0,2,Pattern4,0.00084117370715825
Subject5,Neutrophil,D10,10.0,2,Pattern5,0.052445899695158
Subject5,Neutrophil,D10,10.0,2,Pattern6,0.0001383261369482793
Subject5,Neutrophil,D10,10.0,2,Pattern7,0.0304107097908854
Subject5,Neutrophil,D10,10.0,2,Pattern8,0.0143393510952592
Subject5,Neutrophil,D10,10.0,2,Pattern9,0.00514079647837205
Subject5,Neutrophil,D10,10.0,2,Pattern10,0.00093649984046345
Subject5,Neutrophil,D14/15,14.5,1,Pattern1,0.0003487763460725
Subject5,Neutrophil,D14/15,14.5,1,Pattern2,0.0002439163217786
Subject5,Neutrophil,D14/15,14.5,1,Pattern3,0.043912947177887
Subject5,Neutrophil,D14/15,14.5,1,Pattern4,0.0008734000148251
Subject5,Neutrophil,D14/15,14.5,1,Pattern5,0.015987902879715
Subject5,Neutrophil,D14/15,14.5,1,Pattern6,0.0005674469284713
Subject5,Neutrophil,D14/15,14.5,1,Pattern7,0.0407195203006268
Subject5,Neutrophil,D14/15,14.5,1,Pattern8,0.0014089102623984
Subject5,Neutrophil,D14/15,14.5,1,Pattern9,0.0004732032830361
Subject5,Neutrophil,D14/15,14.5,1,Pattern10,0.0001011240747175
Subject5,Neutrophil,D28,28.0,3,Pattern1,9.793950994206753e-05
Subject5,Neutrophil,D28,28.0,3,Pattern2,0.00018221130691621818
Subject5,Neutrophil,D28,28.0,3,Pattern3,0.00013746204960322063
Subject5,Neutrophil,D28,28.0,3,Pattern4,0.0424493079384168
Subject5,Neutrophil,D28,28.0,3,Pattern5,0.01873201972557581
Subject5,Neutrophil,D28,28.0,3,Pattern6,0.010994316660799067
Subject5,Neutrophil,D28,28.0,3,Pattern7,0.06478678931792577
Subject5,Neutrophil,D28,28.0,3,Pattern8,0.012894748865316297
Subject5,Neutrophil,D28,28.0,3,Pattern9,0.004628927213464823
Subject5,Neutrophil,D28,28.0,3,Pattern10,0.0060768296049597
Subject5,Neutrophil,D4,4.0,3,Pattern1,0.0005808228064173
Subject5,Neutrophil,D4,4.0,3,Pattern2,0.0015851876705709781
Subject5,Neutrophil,D4,4.0,3,Pattern3,0.00011639234799075872
Subject5,Neutrophil,D4,4.0,3,Pattern4,0.010461915439615633
Subject5,Neutrophil,D4,4.0,3,Pattern5,0.037025449797511066
Subject5,Neutrophil,D4,4.0,3,Pattern6,0.0017532542721406623
Subject5,Neutrophil,D4,4.0,3,Pattern7,0.04792756866663694
Subject5,Neutrophil,D4,4.0,3,Pattern8,0.015191059123026165
Subject5,Neutrophil,D4,4.0,3,Pattern9,0.006148390128752588
Subject5,Neutrophil,D4,4.0,3,Pattern10,7.57229524121171e-05
Subject5,Neutrophil,D6,6.0,2,Pattern1,0.00513697386486455
Subject5,Neutrophil,D6,6.0,2,Pattern2,0.03318738647794815
Subject5,Neutrophil,D6,6.0,2,Pattern3,4.773809632752093e-05
Subject5,Neutrophil,D6,6.0,2,Pattern4,0.0278162396280095
Subject5,Neutrophil,D6,6.0,2,Pattern5,0.03648687829263505
Subject5,Neutrophil,D6,6.0,2,Pattern6,0.0006196291360538
Subject5,Neutrophil,D6,6.0,2,Pattern7,0.039595706854015554
Subject5,Neutrophil,D6,6.0,2,Pattern8,0.00249093404272565
Subject5,Neutrophil,D6,6.0,2,Pattern9,0.0044648316688835
Subject5,Neutrophil,D6,6.0,2,Pattern10,0.0222792774438858
Subject5,Plasmablast,D0,0.0,1,Pattern1,0.17197759449482
Subject5,Plasmablast,D0,0.0,1,Pattern2,0.0827138125896454
Subject5,Plasmablast,D0,0.0,1,Pattern3,2.0847660380241e-06
Subject5,Plasmablast,D0,0.0,1,Pattern4,0.286583364009857
Subject5,Plasmablast,D0,0.0,1,Pattern5,0.888047635555267
Subject5,Plasmablast,D0,0.0,1,Pattern6,4.11645851272624e-05
Subject5,Plasmablast,D0,0.0,1,Pattern7,0.0350613631308079
Subject5,Plasmablast,D0,0.0,1,Pattern8,0.06718610227108
Subject5,Plasmablast,D0,0.0,1,Pattern9,0.127388060092926
Subject5,Plasmablast,D0,0.0,1,Pattern10,0.370796740055084
Subject5,Plasmablast,D10,10.0,1,Pattern1,0.115834452211857
Subject5,Plasmablast,D10,10.0,1,Pattern2,6.08983682468534e-05
Subject5,Plasmablast,D10,10.0,1,Pattern3,0.143294394016266
Subject5,Plasmablast,D10,10.0,1,Pattern4,0.0964756682515144
Subject5,Plasmablast,D10,10.0,1,Pattern5,0.793274998664856
Subject5,Plasmablast,D10,10.0,1,Pattern6,0.0
Subject5,Plasmablast,D10,10.0,1,Pattern7,1.91414619621355e-06
Subject5,Plasmablast,D10,10.0,1,Pattern8,0.116454936563969
Subject5,Plasmablast,D10,10.0,1,Pattern9,0.0359885394573212
Subject5,Plasmablast,D10,10.0,1,Pattern10,0.466829180717468
Subject5,Plasmablast,D14/15,14.5,1,Pattern1,0.0007211178890429
Subject5,Plasmablast,D14/15,14.5,1,Pattern2,4.56268116977299e-06
Subject5,Plasmablast,D14/15,14.5,1,Pattern3,0.097830131649971
Subject5,Plasmablast,D14/15,14.5,1,Pattern4,0.272470206022263
Subject5,Plasmablast,D14/15,14.5,1,Pattern5,0.74665492773056
Subject5,Plasmablast,D14/15,14.5,1,Pattern6,1.97066560758685e-06
Subject5,Plasmablast,D14/15,14.5,1,Pattern7,2.50832163146697e-05
Subject5,Plasmablast,D14/15,14.5,1,Pattern8,0.173324391245842
Subject5,Plasmablast,D14/15,14.5,1,Pattern9,0.0001309471554122
Subject5,Plasmablast,D14/15,14.5,1,Pattern10,0.444007933139801
Subject5,Plasmablast,D2,2.0,1,Pattern1,0.162841305136681
Subject5,Plasmablast,D2,2.0,1,Pattern2,0.0632659867405891
Subject5,Plasmablast,D2,2.0,1,Pattern3,2.52132139166861e-07
Subject5,Plasmablast,D2,2.0,1,Pattern4,0.0453109852969646
Subject5,Plasmablast,D2,2.0,1,Pattern5,0.729339182376862
Subject5,Plasmablast,D2,2.0,1,Pattern6,0.0
Subject5,Plasmablast,D2,2.0,1,Pattern7,9.69524899119278e-06
Subject5,Plasmablast,D2,2.0,1,Pattern8,0.0902494862675667
Subject5,Plasmablast,D2,2.0,1,Pattern9,0.0671010911464691
Subject5,Plasmablast,D2,2.0,1,Pattern10,0.432791829109192
Subject5,Plasmablast,D4,4.0,1,Pattern1,0.20166951417923
Subject5,Plasmablast,D4,4.0,1,Pattern2,0.131887272000313
Subject5,Plasmablast,D4,4.0,1,Pattern3,1.6136600606842e-06
Subject5,Plasmablast,D4,4.0,1,Pattern4,0.0807878524065018
Subject5,Plasmablast,D4,4.0,1,Pattern5,0.689214766025543
Subject5,Plasmablast,D4,4.0,1,Pattern6,0.0
Subject5,Plasmablast,D4,4.0,1,Pattern7,7.20559626188333e-07
Subject5,Plasmablast,D4,4.0,1,Pattern8,0.0101307416334748
Subject5,Plasmablast,D4,4.0,1,Pattern9,0.0083349039778113
Subject5,Plasmablast,D4,4.0,1,Pattern10,0.446541637182236
Subject5,Plasmablast,D6,6.0,1,Pattern1,0.129312843084335
Subject5,Plasmablast,D6,6.0,1,Pattern2,0.0591483674943447
Subject5,Plasmablast,D6,6.0,1,Pattern3,2.68625626631547e-07
Subject5,Plasmablast,D6,6.0,1,Pattern4,0.244252890348434
Subject5,Plasmablast,D6,6.0,1,Pattern5,0.512206971645355
Subject5,Plasmablast,D6,6.0,1,Pattern6,0.0
Subject5,Plasmablast,D6,6.0,1,Pattern7,1.55105976773484e-06
Subject5,Plasmablast,D6,6.0,1,Pattern8,0.0334468334913254
Subject5,Plasmablast,D6,6.0,1,Pattern9,0.000315992947435
Subject5,Plasmablast,D6,6.0,1,Pattern10,0.520902216434479
Subject5,Plasmablast,D8,8.0,2,Pattern1,0.15187461301684405
Subject5,Plasmablast,D8,8.0,2,Pattern2,0.05093529541045425
Subject5,Plasmablast,D8,8.0,2,Pattern3,0.03699380345642565
Subject5,Plasmablast,D8,8.0,2,Pattern4,0.12200727686285956
Subject5,Plasmablast,D8,8.0,2,Pattern5,0.6175754964351655
Subject5,Plasmablast,D8,8.0,2,Pattern6,0.0228227023035288
Subject5,Plasmablast,D8,8.0,2,Pattern7,0.024519230653879738
Subject5,Plasmablast,D8,8.0,2,Pattern8,0.0575617363210766
Subject5,Plasmablast,D8,8.0,2,Pattern9,0.009645227737877337
Subject5,Plasmablast,D8,8.0,2,Pattern10,0.174978017807007
Subject5,T_cell,D0,0.0,102,Pattern1,0.3161926000730805
Subject5,T_cell,D0,0.0,102,Pattern2,0.004931436564134514
Subject5,T_cell,D0,0.0,102,Pattern3,0.014386262188900099
Subject5,T_cell,D0,0.0,102,Pattern4,0.19834250702401934
Subject5,T_cell,D0,0.0,102,Pattern5,0.10762668499316584
Subject5,T_cell,D0,0.0,102,Pattern6,0.05365512895139594
Subject5,T_cell,D0,0.0,102,Pattern7,0.4894753443168513
Subject5,T_cell,D0,0.0,102,Pattern8,0.0028060684346181914
Subject5,T_cell,D0,0.0,102,Pattern9,0.044962307074542095
Subject5,T_cell,D0,0.0,102,Pattern10,0.01358482210575879
Subject5,T_cell,D10,10.0,109,Pattern1,0.24273554881973294
Subject5,T_cell,D10,10.0,109,Pattern2,0.0009644648414513321
Subject5,T_cell,D10,10.0,109,Pattern3,0.1087457206361693
Subject5,T_cell,D10,10.0,109,Pattern4,0.23625992521085448
Subject5,T_cell,D10,10.0,109,Pattern5,0.046927872232287275
Subject5,T_cell,D10,10.0,109,Pattern6,0.053375928531034615
Subject5,T_cell,D10,10.0,109,Pattern7,0.46784002303870326
Subject5,T_cell,D10,10.0,109,Pattern8,0.0007566038692293741
Subject5,T_cell,D10,10.0,109,Pattern9,0.059804391243753675
Subject5,T_cell,D10,10.0,109,Pattern10,0.01349878873655396
Subject5,T_cell,D14/15,14.5,112,Pattern1,0.21256361279805094
Subject5,T_cell,D14/15,14.5,112,Pattern2,0.0004045293186531672
Subject5,T_cell,D14/15,14.5,112,Pattern3,0.11947646179396543
Subject5,T_cell,D14/15,14.5,112,Pattern4,0.22691889064834087
Subject5,T_cell,D14/15,14.5,112,Pattern5,0.10966980859037227
Subject5,T_cell,D14/15,14.5,112,Pattern6,0.06011598283467782
Subject5,T_cell,D14/15,14.5,112,Pattern7,0.48906076434643964
Subject5,T_cell,D14/15,14.5,112,Pattern8,0.00024109545143601992
Subject5,T_cell,D14/15,14.5,112,Pattern9,0.08920014396694587
Subject5,T_cell,D14/15,14.5,112,Pattern10,0.008706807989927248
Subject5,T_cell,D2,2.0,114,Pattern1,0.3453724142245687
Subject5,T_cell,D2,2.0,114,Pattern2,0.0023102978489621365
Subject5,T_cell,D2,2.0,114,Pattern3,0.016518932573698467
Subject5,T_cell,D2,2.0,114,Pattern4,0.207110052938497
Subject5,T_cell,D2,2.0,114,Pattern5,0.08006949435684775
Subject5,T_cell,D2,2.0,114,Pattern6,0.06581369417158947
Subject5,T_cell,D2,2.0,114,Pattern7,0.43496219092396554
Subject5,T_cell,D2,2.0,114,Pattern8,0.002816899569312232
Subject5,T_cell,D2,2.0,114,Pattern9,0.0508940004019174
Subject5,T_cell,D2,2.0,114,Pattern10,0.01766147215887219
Subject5,T_cell,D28,28.0,139,Pattern1,0.31869326373981843
Subject5,T_cell,D28,28.0,139,Pattern2,0.004868833240918069
Subject5,T_cell,D28,28.0,139,Pattern3,0.009358718501597427
Subject5,T_cell,D28,28.0,139,Pattern4,0.3008385370576755
Subject5,T_cell,D28,28.0,139,Pattern5,0.04084265202069227
Subject5,T_cell,D28,28.0,139,Pattern6,0.08787847977022284
Subject5,T_cell,D28,28.0,139,Pattern7,0.3028668939723568
Subject5,T_cell,D28,28.0,139,Pattern8,0.0030992910992641374
Subject5,T_cell,D28,28.0,139,Pattern9,0.06055631695855793
Subject5,T_cell,D28,28.0,139,Pattern10,0.012777996689262152
Subject5,T_cell,D4,4.0,131,Pattern1,0.26877838755268485
Subject5,T_cell,D4,4.0,131,Pattern2,0.003153681246523852
Subject5,T_cell,D4,4.0,131,Pattern3,0.012460997121762027
Subject5,T_cell,D4,4.0,131,Pattern4,0.1749858401804741
Subject5,T_cell,D4,4.0,131,Pattern5,0.07412169112187807
Subject5,T_cell,D4,4.0,131,Pattern6,0.05329524703075311
Subject5,T_cell,D4,4.0,131,Pattern7,0.4973939401235339
Subject5,T_cell,D4,4.0,131,Pattern8,0.0011397702306733784
Subject5,T_cell,D4,4.0,131,Pattern9,0.03810809787049433
Subject5,T_cell,D4,4.0,131,Pattern10,0.01827138806385489
Subject5,T_cell,D6,6.0,143,Pattern1,0.38031850576071685
Subject5,T_cell,D6,6.0,143,Pattern2,0.0033566414806441972
Subject5,T_cell,D6,6.0,143,Pattern3,0.011852979957054973
Subject5,T_cell,D6,6.0,143,Pattern4,0.2684316238835114
Subject5,T_cell,D6,6.0,143,Pattern5,0.08235312338745489
Subject5,T_cell,D6,6.0,143,Pattern6,0.0642342871727084
Subject5,T_cell,D6,6.0,143,Pattern7,0.3494832185330327
Subject5,T_cell,D6,6.0,143,Pattern8,0.0023996527150189455
Subject5,T_cell,D6,6.0,143,Pattern9,0.06750519741410492
Subject5,T_cell,D6,6.0,143,Pattern10,0.018935489654451004
Subject5,T_cell,D8,8.0,139,Pattern1,0.3561907664268176
Subject5,T_cell,D8,8.0,139,Pattern2,0.004673571637691775
Subject5,T_cell,D8,8.0,139,Pattern3,0.01703998693612109
Subject5,T_cell,D8,8.0,139,Pattern4,0.2629709986982159
Subject5,T_cell,D8,8.0,139,Pattern5,0.09391875792745034
Subject5,T_cell,D8,8.0,139,Pattern6,0.09480606105605377
Subject5,T_cell,D8,8.0,139,Pattern7,0.35618584366889827
Subject5,T_cell,D8,8.0,139,Pattern8,0.0040018962620381555
Subject5,T_cell,D8,8.0,139,Pattern9,0.05424835616449993
Subject5,T_cell,D8,8.0,139,Pattern10,0.016040790549289526
